Workbook
Name \0: #REF!
Name \0: #REF!
Name \0: #REF!
Name \0: #REF!
Name \0: #REF!
Name \A: #REF!
Name \A: #REF!
Name \A: #REF!
Name \A: #REF!
Name \A: #REF!
Name \B: #REF!
Name \B: #REF!
Name \B: #REF!
Name \B: #REF!
Name \B: #REF!
Name \C: #REF!
Name \C: #REF!
Name \C: #REF!
Name \C: #REF!
Name \C: #REF!
Name \CLEARDATA: #REF!
Name \CLEARDATA: #REF!
Name \CLEARDATA: #REF!
Name \CLEARDATA: #REF!
Name \CLEARDATA: #REF!
Name \D: #REF!
Name \D: #REF!
Name \D: #REF!
Name \D: #REF!
Name \D: #REF!
Name \DELETE: #REF!
Name \DELETE: #REF!
Name \DELETE: #REF!
Name \DELETE: #REF!
Name \DELETE: #REF!
Name \e: #REF!
Name \e: #REF!
Name \e: #REF!
Name \e: #REF!
Name \e: #REF!
Name \I: #REF!
Name \I: #REF!
Name \I: #REF!
Name \I: #REF!
Name \I: #REF!
Name \INIT: #REF!
Name \INIT: #REF!
Name \INIT: #REF!
Name \INIT: #REF!
Name \INIT: #REF!
Name \l: '[1]CH Qs Form'!$D$420
Name \MAINPROC: #REF!
Name \MAINPROC: #REF!
Name \MAINPROC: #REF!
Name \MAINPROC: #REF!
Name \MAINPROC: #REF!
Name \o: '[1]CH Qs Form'!$D$422
Name \P: #REF!
Name \P: #REF!
Name \P: #REF!

Sheet 原始參數_115
B1: 114年年化達成率 | C1: 115年成長目標 | D1: 成長目標計算公式 | E1: 114年年化達成率 | F1: 預估實績參數 | G1: 分行目標參數
A2: =_xlfn.CONCAT("TYPE_", I2) -> TYPE_9 | B2: 未達75% | C2: 114年分行目標成長15% | D2: 分行目標*115% | E2: 0 | F2: 1 | G2: 1.15 | H2: 1 | I2: 9
A3: =_xlfn.CONCAT("TYPE_", I3) -> TYPE_8 | B3: 75%以上，未達90% | C3: 114年分行目標成長10% | D3: 分行目標*110% | E3: 0.75 | F3: 1 | G3: 1.1 | H3: 2 | I3: 8
A4: =_xlfn.CONCAT("TYPE_", I4) -> TYPE_7 | B4: 90%以上，未達100% | C4: 114年分行目標成長5% | D4: 分行目標*105% | E4: 0.9 | F4: 1 | G4: 1.05 | H4: 3 | I4: 7
A5: =_xlfn.CONCAT("TYPE_", I5) -> TYPE_6 | B5: 100%以上，未達110% | C5: 114年預估實績成長5% | D5: 預估實績*105% | E5: 1 | F5: 1.05 | G5: 1 | H5: 4 | I5: 6
A6: =_xlfn.CONCAT("TYPE_", I6) -> TYPE_5 | B6: 110%以上，未達120% | C6: 114年預估實績成長3% | D6: 預估實績*103% | E6: 1.1 | F6: 1.03 | G6: 1 | H6: 5 | I6: 5
A7: =_xlfn.CONCAT("TYPE_", I7) -> TYPE_4 | B7: 120%以上，未達130% | C7: 114年預估實績成長1% | D7: 預估實績*101% | E7: 1.2 | F7: 1.01 | G7: 1 | H7: 6 | I7: 4
A8: =_xlfn.CONCAT("TYPE_", I8) -> TYPE_3 | B8: 130%以上，未達150% | C8: 114年預估實績打9折 | D8: 預估實績*90% | E8: 1.3 | F8: 0.9 | G8: 1 | H8: 7 | I8: 3
A9: =_xlfn.CONCAT("TYPE_", I9) -> TYPE_2 | B9: 150%以上，未達200% | C9: 114年預估實績打8折 | D9: 預估實績*80% | E9: 1.5 | F9: 0.8 | G9: 1 | H9: 8 | I9: 2
A10: =_xlfn.CONCAT("TYPE_", I10) -> TYPE_1 | B10: 200%以上 | C10: 114年預估實績打7折 | D10: 預估實績*70% | E10: 2 | F10: 0.7 | G10: 1 | H10: 9 | I10: 1

Sheet 財管手收比較表_值
A1: 116年營業單位財富管理業務手續費收入目標暨115年目標及實績成長比較表
T2: 單位:新臺幣元/%
A3: 序號 | B3: 通路中心 | C3: 單位代號 | D3: 單位名稱 | E3: 115年 年化實績 | F3: 115年 目標 | G3: 115年 年化達成率 | H3: 115年 年化達成率 成長目標類型 | I3: 116年 原始規則 目標參數 | J3: 116年 原始規則 目標數 | K3: 115年 年化達成率 成長目標類型 | L3: 116年 調整規則 目標參數 | M3: 114年達成情形之成長目標(95%) | N3: 各營業單位綜合指標之目標(5%) | O3: 115年 目標 | P3: 114年 目標 | Q3: 114年 年化實績 | R3: 114年 年化達成率 | S3: 115年目標 較114年目標 成長率 | T3: 115年目標 較114年實績 成長率 | U3: 115年 客群經營目標 | V3: 115年 前版目標 | W3: 115年 目標較前版差異
E4: (A) | F4: (B) | G4: (C) | H4: (D) | I4: (E) | J4: (F) | K4: (D) | L4: (C) | M4: (D) | N4: (E) | O4: (F)=(D+E) | P4: (G) | Q4: (H) | R4: (I) | S4: (J)=(F/G)-1 | T4: (K)=(F/H)-1 | U4: (L)=(FX55%) | V4: (M) | W4: (N)=(F-M)
A5: 1 | B5: 北一區 | C5: 100 | D5: 營業部 | E5: =VLOOKUP(C5,'115_分行業績'!A:J,8,0) -> 151815331 | F5: =VLOOKUP(C5,'115_分行業績'!A:J,9,0) -> 103860000 | G5: =VLOOKUP(C5, '115_分行業績'!A:G,7,0) -> 1.4617305 | H5: =VLOOKUP(X5,原始參數_115!A:D,2,0) -> 130%以上，未達150% | I5: =VLOOKUP(X5,原始參數_115!A:D,4,0) -> 預估實績*90% | J5: =VLOOKUP(C5,'115_分行業績'!A:N,14,0) -> 136630000 | L5: =IF(J5 = M5, "-", M5) -> 2995449 | M5: =O5-N5 -> 2995449 | N5: =VLOOKUP(C5,'116目標底稿ver1'!D:AC, 19,0) -> 1154551 | O5: =VLOOKUP(C5,'116目標底稿ver1'!D:AC, 22, 0) -> 4150000 | P5: 78160000 | Q5: 96927210 | R5: =ROUND(Q5/P5, 2) -> 1.24 | S5: =O5/P5-1 -> -0.94690379 | T5: =O5/Q5-1 -> -0.95718437 | U5: =O5*0.55 -> 2282500 | V5: 103560000 | W5: =O5-V5 -> -99410000 | X5: =IF(G5>=2, "TYPE_1", IF(G5>=1.5, "TYPE_2", IF(G5>=1.3, "TYPE_3", IF(G5>=1.2, "TYPE_4", IF(G5 >=1.1, "TYPE_5", IF(G5>=1, "TYPE_6", IF(G5>=0.9, "TYPE_7", IF(G5>= 0.75, "TYPE_8", "TYPE_9")))))))) -> TYPE_3
A6: 2 | B6: 北一區 | C6: 101 | D6: 儲蓄分行 | E6: =VLOOKUP(C6,'115_分行業績'!A:J,8,0) -> 24773020 | F6: =VLOOKUP(C6,'115_分行業績'!A:J,9,0) -> 36030000 | G6: =VLOOKUP(C6, '115_分行業績'!A:G,7,0) -> 0.68756647 | H6: =VLOOKUP(X6,原始參數_115!A:D,2,0) -> 未達75% | I6: =VLOOKUP(X6,原始參數_115!A:D,4,0) -> 分行目標*115% | J6: =VLOOKUP(C6,'115_分行業績'!A:N,14,0) -> 41430000 | L6: =IF(J6 = M6, "-", M6) -> 1112724 | M6: =O6-N6 -> 1112724 | N6: =VLOOKUP(C6,'116目標底稿ver1'!D:AC, 19,0) -> 577276 | O6: =VLOOKUP(C6,'116目標底稿ver1'!D:AC, 22, 0) -> 1690000 | P6: 29230000 | Q6: 19689586 | R6: =ROUND(Q6/P6, 2) -> 0.67 | S6: =O6/P6-1 -> -0.94218269 | T6: =O6/Q6-1 -> -0.91416782 | U6: =O6*0.55 -> 929500 | V6: 35820000 | W6: =O6-V6 -> -34130000 | X6: =IF(G6>=2, "TYPE_1", IF(G6>=1.5, "TYPE_2", IF(G6>=1.3, "TYPE_3", IF(G6>=1.2, "TYPE_4", IF(G6 >=1.1, "TYPE_5", IF(G6>=1, "TYPE_6", IF(G6>=0.9, "TYPE_7", IF(G6>= 0.75, "TYPE_8", "TYPE_9")))))))) -> TYPE_9
A7: 3 | B7: 北一區 | C7: 103 | D7: 城內分行 | E7: =VLOOKUP(C7,'115_分行業績'!A:J,8,0) -> 43030534 | F7: =VLOOKUP(C7,'115_分行業績'!A:J,9,0) -> 44220000 | G7: =VLOOKUP(C7, '115_分行業績'!A:G,7,0) -> 0.97310118 | H7: =VLOOKUP(X7,原始參數_115!A:D,2,0) -> 90%以上，未達100% | I7: =VLOOKUP(X7,原始參數_115!A:D,4,0) -> 分行目標*105% | J7: =VLOOKUP(C7,'115_分行業績'!A:N,14,0) -> 46430000 | L7: =IF(J7 = M7, "-", M7) -> 1142630 | M7: =O7-N7 -> 1142630 | N7: =VLOOKUP(C7,'116目標底稿ver1'!D:AC, 19,0) -> 557370 | O7: =VLOOKUP(C7,'116目標底稿ver1'!D:AC, 22, 0) -> 1700000 | P7: 39690000 | Q7: 35669507 | R7: =ROUND(Q7/P7, 2) -> 0.9 | S7: =O7/P7-1 -> -0.95716805 | T7: =O7/Q7-1 -> -0.95234024 | U7: =O7*0.55 -> 935000 | V7: 44100000 | W7: =O7-V7 -> -42400000 | X7: =IF(G7>=2, "TYPE_1", IF(G7>=1.5, "TYPE_2", IF(G7>=1.3, "TYPE_3", IF(G7>=1.2, "TYPE_4", IF(G7 >=1.1, "TYPE_5", IF(G7>=1, "TYPE_6", IF(G7>=0.9, "TYPE_7", IF(G7>= 0.75, "TYPE_8", "TYPE_9")))))))) -> TYPE_7
A8: 4 | B8: 北一區 | C8: 104 | D8: 大稻埕分行 | E8: =VLOOKUP(C8,'115_分行業績'!A:J,8,0) -> 100530724 | F8: =VLOOKUP(C8,'115_分行業績'!A:J,9,0) -> 75640000 | G8: =VLOOKUP(C8, '115_分行業績'!A:G,7,0) -> 1.3290683 | H8: =VLOOKUP(X8,原始參數_115!A:D,2,0) -> 130%以上，未達150% | I8: =VLOOKUP(X8,原始參數_115!A:D,4,0) -> 預估實績*90% | J8: =VLOOKUP(C8,'115_分行業績'!A:N,14,0) -> 90480000 | L8: =IF(J8 = M8, "-", M8) -> 2222818 | M8: =O8-N8 -> 2222818 | N8: =VLOOKUP(C8,'116目標底稿ver1'!D:AC, 19,0) -> 597182 | O8: =VLOOKUP(C8,'116目標底稿ver1'!D:AC, 22, 0) -> 2820000 | P8: 64940000 | Q8: 54762070 | R8: =ROUND(Q8/P8, 2) -> 0.84 | S8: =O8/P8-1 -> -0.9565753 | T8: =O8/Q8-1 -> -0.9485045 | U8: =O8*0.55 -> 1551000 | V8: 75400000 | W8: =O8-V8 -> -72580000 | X8: =IF(G8>=2, "TYPE_1", IF(G8>=1.5, "TYPE_2", IF(G8>=1.3, "TYPE_3", IF(G8>=1.2, "TYPE_4", IF(G8 >=1.1, "TYPE_5", IF(G8>=1, "TYPE_6", IF(G8>=0.9, "TYPE_7", IF(G8>= 0.75, "TYPE_8", "TYPE_9")))))))) -> TYPE_3
A9: 5 | B9: 北一區 | C9: 105 | D9: 建成分行 | E9: =VLOOKUP(C9,'115_分行業績'!A:J,8,0) -> 29760269 | F9: =VLOOKUP(C9,'115_分行業績'!A:J,9,0) -> 57000000 | G9: =VLOOKUP(C9, '115_分行業績'!A:G,7,0) -> 0.52210998 | H9: =VLOOKUP(X9,原始參數_115!A:D,2,0) -> 未達75% | I9: =VLOOKUP(X9,原始參數_115!A:D,4,0) -> 分行目標*115% | J9: =VLOOKUP(C9,'115_分行業績'!A:N,14,0) -> 65550000 | L9: =IF(J9 = M9, "-", M9) -> 1633382 | M9: =O9-N9 -> 1633382 | N9: =VLOOKUP(C9,'116目標底稿ver1'!D:AC, 19,0) -> 716618 | O9: =VLOOKUP(C9,'116目標底稿ver1'!D:AC, 22, 0) -> 2350000 | P9: 48860000 | Q9: 38310005 | R9: =ROUND(Q9/P9, 2) -> 0.78 | S9: =O9/P9-1 -> -0.9519034 | T9: =O9/Q9-1 -> -0.93865832 | U9: =O9*0.55 -> 1292500 | V9: 56980000 | W9: =O9-V9 -> -54630000 | X9: =IF(G9>=2, "TYPE_1", IF(G9>=1.5, "TYPE_2", IF(G9>=1.3, "TYPE_3", IF(G9>=1.2, "TYPE_4", IF(G9 >=1.1, "TYPE_5", IF(G9>=1, "TYPE_6", IF(G9>=0.9, "TYPE_7", IF(G9>= 0.75, "TYPE_8", "TYPE_9")))))))) -> TYPE_9
A10: 6 | B10: 北一區 | C10: 106 | D10: 中山分行 | E10: =VLOOKUP(C10,'115_分行業績'!A:J,8,0) -> 91410089 | F10: =VLOOKUP(C10,'115_分行業績'!A:J,9,0) -> 99340000 | G10: =VLOOKUP(C10, '115_分行業績'!A:G,7,0) -> 0.92017404 | H10: =VLOOKUP(X10,原始參數_115!A:D,2,0) -> 90%以上，未達100% | I10: =VLOOKUP(X10,原始參數_115!A:D,4,0) -> 分行目標*105% | J10: =VLOOKUP(C10,'115_分行業績'!A:N,14,0) -> 104310000 | L10: =IF(J10 = M10, "-", M10) -> 2703946 | M10: =O10-N10 -> 2703946 | N10: =VLOOKUP(C10,'116目標底稿ver1'!D:AC, 19,0) -> 836054 | O10: =VLOOKUP(C10,'116目標底稿ver1'!D:AC, 22, 0) -> 3540000 | P10: 85510000 | Q10: 66866945 | R10: =ROUND(Q10/P10, 2) -> 0.78 | S10: =O10/P10-1 -> -0.95860133 | T10: =O10/Q10-1 -> -0.94705904 | U10: =O10*0.55 -> 1947000 | V10: 99040000 | W10: =O10-V10 -> -95500000 | X10: =IF(G10>=2, "TYPE_1", IF(G10>=1.5, "TYPE_2", IF(G10>=1.3, "TYPE_3", IF(G10>=1.2, "TYPE_4", IF(G10 >=1.1, "TYPE_5", IF(G10>=1, "TYPE_6", IF(G10>=0.9, "TYPE_7", IF(G10>= 0.75, "TYPE_8", "TYPE_9")))))))) -> TYPE_7
A11: 7 | B11: 北一區 | C11: 107 | D11: 圓山分行 | E11: =VLOOKUP(C11,'115_分行業績'!A:J,8,0) -> 142594489 | F11: =VLOOKUP(C11,'115_分行業績'!A:J,9,0) -> 118090000 | G11: =VLOOKUP(C11, '115_分行業績'!A:G,7,0) -> 1.2075069 | H11: =VLOOKUP(X11,原始參數_115!A:D,2,0) -> 120%以上，未達130% | I11: =VLOOKUP(X11,原始參數_115!A:D,4,0) -> 預估實績*101% | J11: =VLOOKUP(C11,'115_分行業績'!A:N,14,0) -> 144020000 | L11: =IF(J11 = M11, "-", M11) -> 3544979 | M11: =O11-N11 -> 3544979 | N11: =VLOOKUP(C11,'116目標底稿ver1'!D:AC, 19,0) -> 1055021 | O11: =VLOOKUP(C11,'116目標底稿ver1'!D:AC, 22, 0) -> 4600000 | P11: 105180000 | Q11: 106107606 | R11: =ROUND(Q11/P11, 2) -> 1.01 | S11: =O11/P11-1 -> -0.95626545 | T11: =O11/Q11-1 -> -0.95664778 | U11: =O11*0.55 -> 2530000 | V11: 117790000 | W11: =O11-V11 -> -113190000 | X11: =IF(G11>=2, "TYPE_1", IF(G11>=1.5, "TYPE_2", IF(G11>=1.3, "TYPE_3", IF(G11>=1.2, "TYPE_4", IF(G11 >=1.1, "TYPE_5", IF(G11>=1, "TYPE_6", IF(G11>=0.9, "TYPE_7", IF(G11>= 0.75, "TYPE_8", "TYPE_9")))))))) -> TYPE_4
A12: 8 | B12: 北一區 | C12: 108 | D12: 城東分行 | E12: =VLOOKUP(C12,'115_分行業績'!A:J,8,0) -> 181181359 | F12: =VLOOKUP(C12,'115_分行業績'!A:J,9,0) -> 129150000 | G12: =VLOOKUP(C12, '115_分行業績'!A:G,7,0) -> 1.4028754 | H12: =VLOOKUP(X12,原始參數_115!A:D,2,0) -> 130%以上，未達150% | I12: =VLOOKUP(X12,原始參數_115!A:D,4,0) -> 預估實績*90% | J12: =VLOOKUP(C12,'115_分行業績'!A:N,14,0) -> 163060000 | L12: =IF(J12 = M12, "-", M12) -> 2916858 | M12: =O12-N12 -> 2916858 | N12: =VLOOKUP(C12,'116目標底稿ver1'!D:AC, 19,0) -> 1453142 | O12: =VLOOKUP(C12,'116目標底稿ver1'!D:AC, 22, 0) -> 4370000 | P12: 115000000 | Q12: 80802504 | R12: =ROUND(Q12/P12, 2) -> 0.7 | S12: =O12/P12-1 -> -0.962 | T12: =O12/Q12-1 -> -0.94591752 | U12: =O12*0.55 -> 2403500 | V12: 126000000 | W12: =O12-V12 -> -121630000 | X12: =IF(G12>=2, "TYPE_1", IF(G12>=1.5, "TYPE_2", IF(G12>=1.3, "TYPE_3", IF(G12>=1.2, "TYPE_4", IF(G12 >=1.1, "TYPE_5", IF(G12>=1, "TYPE_6", IF(G12>=0.9, "TYPE_7", IF(G12>= 0.75, "TYPE_8", "TYPE_9")))))))) -> TYPE_3
A13: 9 | B13: 北一區 | C13: 109 | D13: 西門分行 | E13: =VLOOKUP(C13,'115_分行業績'!A:J,8,0) -> 29449723 | F13: =VLOOKUP(C13,'115_分行業績'!A:J,9,0) -> 37980000 | G13: =VLOOKUP(C13, '115_分行業績'!A:G,7,0) -> 0.77540082 | H13: =VLOOKUP(X13,原始參數_115!A:D,2,0) -> 75%以上，未達90% | I13: =VLOOKUP(X13,原始參數_115!A:D,4,0) -> 分行目標*110% | J13: =VLOOKUP(C13,'115_分行業績'!A:N,14,0) -> 41780000 | L13: =IF(J13 = M13, "-", M13) -> 1073006 | M13: =O13-N13 -> 1073006 | N13: =VLOOKUP(C13,'116目標底稿ver1'!D:AC, 19,0) -> 636994 | O13: =VLOOKUP(C13,'116目標底稿ver1'!D:AC, 22, 0) -> 1710000 | P13: 30930000 | Q13: 17150369 | R13: =ROUND(Q13/P13, 2) -> 0.55 | S13: =O13/P13-1 -> -0.94471387 | T13: =O13/Q13-1 -> -0.90029369 | U13: =O13*0.55 -> 940500 | V13: 37860000 | W13: =O13-V13 -> -36150000 | X13: =IF(G13>=2, "TYPE_1", IF(G13>=1.5, "TYPE_2", IF(G13>=1.3, "TYPE_3", IF(G13>=1.2, "TYPE_4", IF(G13 >=1.1, "TYPE_5", IF(G13>=1, "TYPE_6", IF(G13>=0.9, "TYPE_7", IF(G13>= 0.75, "TYPE_8", "TYPE_9")))))))) -> TYPE_8
A14: 10 | B14: 北一區 | C14: 110 | D14: 南松山分行 | E14: =VLOOKUP(C14,'115_分行業績'!A:J,8,0) -> 44041600 | F14: =VLOOKUP(C14,'115_分行業績'!A:J,9,0) -> 59470000 | G14: =VLOOKUP(C14, '115_分行業績'!A:G,7,0) -> 0.74056836 | H14: =VLOOKUP(X14,原始參數_115!A:D,2,0) -> 未達75% | I14: =VLOOKUP(X14,原始參數_115!A:D,4,0) -> 分行目標*115% | J14: =VLOOKUP(C14,'115_分行業績'!A:N,14,0) -> 68390000 | L14: =IF(J14 = M14, "-", M14) -> 1522818 | M14: =O14-N14 -> 1522818 | N14: =VLOOKUP(C14,'116目標底稿ver1'!D:AC, 19,0) -> 597182 | O14: =VLOOKUP(C14,'116目標底稿ver1'!D:AC, 22, 0) -> 2120000 | P14: 51170000 | Q14: 39462213 | R14: =ROUND(Q14/P14, 2) -> 0.77 | S14: =O14/P14-1 -> -0.95856947 | T14: =O14/Q14-1 -> -0.94627772 | U14: =O14*0.55 -> 1166000 | V14: 59320000 | W14: =O14-V14 -> -57200000 | X14: =IF(G14>=2, "TYPE_1", IF(G14>=1.5, "TYPE_2", IF(G14>=1.3, "TYPE_3", IF(G14>=1.2, "TYPE_4", IF(G14 >=1.1, "TYPE_5", IF(G14>=1, "TYPE_6", IF(G14>=0.9, "TYPE_7", IF(G14>= 0.75, "TYPE_8", "TYPE_9")))))))) -> TYPE_9
A15: 11 | B15: 北一區 | C15: 111 | D15: 仁愛路分行 | E15: =VLOOKUP(C15,'115_分行業績'!A:J,8,0) -> 156079156 | F15: =VLOOKUP(C15,'115_分行業績'!A:J,9,0) -> 101770000 | G15: =VLOOKUP(C15, '115_分行業績'!A:G,7,0) -> 1.533646 | H15: =VLOOKUP(X15,原始參數_115!A:D,2,0) -> 150%以上，未達200% | I15: =VLOOKUP(X15,原始參數_115!A:D,4,0) -> 預估實績*80% | J15: =VLOOKUP(C15,'115_分行業績'!A:N,14,0) -> 124860000 | L15: =IF(J15 = M15, "-", M15) -> 2763852 | M15: =O15-N15 -> 2763852 | N15: =VLOOKUP(C15,'116目標底稿ver1'!D:AC, 19,0) -> 816148 | O15: =VLOOKUP(C15,'116目標底稿ver1'!D:AC, 22, 0) -> 3580000 | P15: 87800000 | Q15: 60233303 | R15: =ROUND(Q15/P15, 2) -> 0.69 | S15: =O15/P15-1 -> -0.95922551 | T15: =O15/Q15-1 -> -0.94056444 | U15: =O15*0.55 -> 1969000 | V15: 101590000 | W15: =O15-V15 -> -98010000 | X15: =IF(G15>=2, "TYPE_1", IF(G15>=1.5, "TYPE_2", IF(G15>=1.3, "TYPE_3", IF(G15>=1.2, "TYPE_4", IF(G15 >=1.1, "TYPE_5", IF(G15>=1, "TYPE_6", IF(G15>=0.9, "TYPE_7", IF(G15>= 0.75, "TYPE_8", "TYPE_9")))))))) -> TYPE_2
A16: 12 | B16: 北一區 | C16: 112 | D16: 南京東路分行 | E16: =VLOOKUP(C16,'115_分行業績'!A:J,8,0) -> 81157545 | F16: =VLOOKUP(C16,'115_分行業績'!A:J,9,0) -> 68030000 | G16: =VLOOKUP(C16, '115_分行業績'!A:G,7,0) -> 1.192967 | H16: =VLOOKUP(X16,原始參數_115!A:D,2,0) -> 110%以上，未達120% | I16: =VLOOKUP(X16,原始參數_115!A:D,4,0) -> 預估實績*103% | J16: =VLOOKUP(C16,'115_分行業績'!A:N,14,0) -> 83590000 | L16: =IF(J16 = M16, "-", M16) -> 2424791 | M16: =O16-N16 -> 2424791 | N16: =VLOOKUP(C16,'116目標底稿ver1'!D:AC, 19,0) -> 1015209 | O16: =VLOOKUP(C16,'116目標底稿ver1'!D:AC, 22, 0) -> 3440000 | P16: 57240000 | Q16: 43209787 | R16: =ROUND(Q16/P16, 2) -> 0.75 | S16: =O16/P16-1 -> -0.93990217 | T16: =O16/Q16-1 -> -0.92038841 | U16: =O16*0.55 -> 1892000 | V16: 67730000 | W16: =O16-V16 -> -64290000 | X16: =IF(G16>=2, "TYPE_1", IF(G16>=1.5, "TYPE_2", IF(G16>=1.3, "TYPE_3", IF(G16>=1.2, "TYPE_4", IF(G16 >=1.1, "TYPE_5", IF(G16>=1, "TYPE_6", IF(G16>=0.9, "TYPE_7", IF(G16>= 0.75, "TYPE_8", "TYPE_9")))))))) -> TYPE_5
... A187: 183 | B187: 北一區 | C187: 888 | D187: 營運總部分行 | E187: =VLOOKUP(C187,'115_分行業績'!A:J,8,0) -> 23269991 | F187: =VLOOKUP(C187,'115_分行業績'!A:J,9,0) -> 17160000 | G187: =VLOOKUP(C187, '115_分行業績'!A:G,7,0) -> 1.3560601 | H187: =VLOOKUP(X187,原始參數_115!A:D,2,0) -> 130%以上，未達150% | I187: =VLOOKUP(X187,原始參數_115!A:D,4,0) -> 預估實績*90% | J187: =VLOOKUP(C187,'115_分行業績'!A:N,14,0) -> 20940000 | L187: =IF(J187 = M187, "-", M187) -> 622067 | M187: =O187-N187 -> 622067 | N187: =VLOOKUP(C187,'116目標底稿ver1'!D:AC, 19,0) -> 437933 | O187: =VLOOKUP(C187,'116目標底稿ver1'!D:AC, 22, 0) -> 1060000 | P187: 14290000 | Q187: 11645179 | R187: =ROUND(Q187/P187, 2) -> 0.81 | S187: =O187/P187-1 -> -0.92582225 | T187: =O187/Q187-1 -> -0.90897521 | U187: =O187*0.55 -> 583000 | V187: 17130000 | W187: =O187-V187 -> -16070000 | X187: =IF(G187>=2, "TYPE_1", IF(G187>=1.5, "TYPE_2", IF(G187>=1.3, "TYPE_3", IF(G187>=1.2, "TYPE_4", IF(G187 >=1.1, "TYPE_5", IF(G187>=1, "TYPE_6", IF(G187>=0.9, "TYPE_7", IF(G187>= 0.75, "TYPE_8", "TYPE_9")))))))) -> TYPE_3
A188: 總計 | E188: =SUM(E5:E187) -> 12485599369 | F188: =SUM(F5:F187) -> 11785380000 | G188: ='115_分行業績'!G1 -> 1.0593381 | H188: - | I188: - | J188: =SUM(J5:J187) -> 13610270000 | L188: =SUM(#REF!) -> #REF! | M188: =SUM(#REF!) -> #REF! | N188: =SUM(#REF!) -> #REF! | O188: =SUM(#REF!) -> #REF! | P188: =SUM(#REF!) -> #REF! | Q188: =SUM(#REF!) -> #REF! | R188: =ROUND(Q188/P188, 2) -> #REF! | S188: =O188/P188-1 -> #REF! | T188: =O188/Q188-1 -> #REF! | U188: =SUM(#REF!) -> #REF! | V188: 11800000000

Sheet 財管手收表
A1: 115年度營業單位財富管理業務手續費收入目標表
D2: 單位:新臺幣元
A3: 通路中心 | B3: 單位代號 | C3: 單位名稱 | D3: 財富管理 手續費收入目標 | E3: 財富管理手續費收入對盈餘目標之影響數 | H3: 列標籤 | I3: 計數 - 單位代號
A4: 北一區 | B4: 100 | C4: 營業部 | D4: =VLOOKUP(B4,'116目標底稿ver1'!D:AC, 22,0) -> 4150000 | E4: =VLOOKUP(B4,全年KPI!B:J, 9,0) -> 99769000 | H4: 北一區 | I4: 46
A5: 北一區 | B5: 101 | C5: 儲蓄分行 | D5: =VLOOKUP(B5,'116目標底稿ver1'!D:AC, 22,0) -> 1690000 | E5: =VLOOKUP(B5,全年KPI!B:J, 9,0) -> 34522000 | H5: 北二區 | I5: 36
A6: 北一區 | B6: 103 | C6: 城內分行 | D6: =VLOOKUP(B6,'116目標底稿ver1'!D:AC, 22,0) -> 1700000 | E6: =VLOOKUP(B6,全年KPI!B:J, 9,0) -> 42487000 | H6: 北三區 | I6: 33
A7: 北一區 | B7: 104 | C7: 大稻埕分行 | D7: =VLOOKUP(B7,'116目標底稿ver1'!D:AC, 22,0) -> 2820000 | E7: =VLOOKUP(B7,全年KPI!B:J, 9,0) -> 72627000 | H7: 中區 | I7: 31
A8: 北一區 | B8: 105 | C8: 建成分行 | D8: =VLOOKUP(B8,'116目標底稿ver1'!D:AC, 22,0) -> 2350000 | E8: =VLOOKUP(B8,全年KPI!B:J, 9,0) -> 54900000 | H8: 南區 | I8: 39
A9: 北一區 | B9: 106 | C9: 中山分行 | D9: =VLOOKUP(B9,'116目標底稿ver1'!D:AC, 22,0) -> 3540000 | E9: =VLOOKUP(B9,全年KPI!B:J, 9,0) -> 95388000 | H9: 總計 | I9: 185
A10: 北一區 | B10: 107 | C10: 圓山分行 | D10: =VLOOKUP(B10,'116目標底稿ver1'!D:AC, 22,0) -> 4600000 | E10: =VLOOKUP(B10,全年KPI!B:J, 9,0) -> 113470000
A11: 北一區 | B11: 108 | C11: 城東分行 | D11: =VLOOKUP(B11,'116目標底稿ver1'!D:AC, 22,0) -> 4370000 | E11: =VLOOKUP(B11,全年KPI!B:J, 9,0) -> 122982000
A12: 北一區 | B12: 109 | C12: 西門分行 | D12: =VLOOKUP(B12,'116目標底稿ver1'!D:AC, 22,0) -> 1710000 | E12: =VLOOKUP(B12,全年KPI!B:J, 9,0) -> 36491000
A13: 北一區 | B13: 110 | C13: 南松山分行 | D13: =VLOOKUP(B13,'116目標底稿ver1'!D:AC, 22,0) -> 2120000 | E13: =VLOOKUP(B13,全年KPI!B:J, 9,0) -> 57148000
A14: 北一區 | B14: 111 | C14: 仁愛路分行 | D14: =VLOOKUP(B14,'116目標底稿ver1'!D:AC, 22,0) -> 3580000 | E14: =VLOOKUP(B14,全年KPI!B:J, 9,0) -> 97848000
A15: 北一區 | B15: 112 | C15: 南京東路分行 | D15: =VLOOKUP(B15,'116目標底稿ver1'!D:AC, 22,0) -> 3440000 | E15: =VLOOKUP(B15,全年KPI!B:J, 9,0) -> 65306000
A16: 北一區 | B16: 113 | C16: 新生分行 | D16: =VLOOKUP(B16,'116目標底稿ver1'!D:AC, 22,0) -> 3130000 | E16: =VLOOKUP(B16,全年KPI!B:J, 9,0) -> 87721000
A17: 北一區 | B17: 114 | C17: 大同分行 | D17: =VLOOKUP(B17,'116目標底稿ver1'!D:AC, 22,0) -> 2980000 | E17: =VLOOKUP(B17,全年KPI!B:J, 9,0) -> 80112000
A18: 北一區 | B18: 115 | C18: 松山分行 | D18: =VLOOKUP(B18,'116目標底稿ver1'!D:AC, 22,0) -> 2100000 | E18: =VLOOKUP(B18,全年KPI!B:J, 9,0) -> 69139000
A19: 北一區 | B19: 116 | C19: 中崙分行 | D19: =VLOOKUP(B19,'116目標底稿ver1'!D:AC, 22,0) -> 2080000 | E19: =VLOOKUP(B19,全年KPI!B:J, 9,0) -> 48107000
A20: 北一區 | B20: 117 | C20: 台北南門分行 | D20: =VLOOKUP(B20,'116目標底稿ver1'!D:AC, 22,0) -> 2900000 | E20: =VLOOKUP(B20,全年KPI!B:J, 9,0) -> 73078000
A21: 北一區 | B21: 118 | C21: 公館分行 | D21: =VLOOKUP(B21,'116目標底稿ver1'!D:AC, 22,0) -> 2570000 | E21: =VLOOKUP(B21,全年KPI!B:J, 9,0) -> 70773000
... A188: 北一區 | B188: 888 | C188: 營運總部分行 | D188: =VLOOKUP(B188,'116目標底稿ver1'!D:AC, 22,0) -> 1060000 | E188: =VLOOKUP(B188,全年KPI!B:J, 9,0) -> 16526000
A189: 北一區 | C189: 合計 | D189: =SUMIF($A$4:$A$188,A189,$D$4:$D$188) -> 113390000 | E189: =SUMIF($A$4:$A$188,A189,$E$4:$E$188) -> 2857400000
A190: 北二區 | C190: 合計 | D190: =SUMIF($A$4:$A$188,A190,$D$4:$D$188) -> 87520000 | E190: =SUMIF($A$4:$A$188,A190,$E$4:$E$188) -> 2333907000
A191: 北三區 | C191: 合計 | D191: =SUMIF($A$4:$A$188,A191,$D$4:$D$188) -> 71300000 | E191: =SUMIF($A$4:$A$188,A191,$E$4:$E$188) -> 1843493000
A192: 中區 | C192: 合計 | D192: =SUMIF($A$4:$A$188,A192,$D$4:$D$188) -> 79180000 | E192: =SUMIF($A$4:$A$188,A192,$E$4:$E$188) -> 2110329000
A193: 南區 | C193: 合計 | D193: =SUMIF($A$4:$A$188,A193,$D$4:$D$188) -> #N/A | E193: =SUMIF($A$4:$A$188,A193,$E$4:$E$188) -> 2192308000
A194: 總 計 | D194: =SUM(D189:D193) -> #N/A | E194: =SUM(E189:E193) -> 11337437000

Sheet 客群經營目標表
A1: 115年度營業單位客群經營目標表
D2: 單位:新臺幣元
A3: 通路中心 | B3: 單位代號 | C3: 單位名稱 | D3: 客群經營目標 | G3: 列標籤 | H3: 計數 - 單位代號
A4: 北一區 | B4: 100 | C4: 營業部 | D4: =VLOOKUP(B4,'116目標底稿ver1'!D:AC, 26,0) -> 71516500 | G4: 北一區 | H4: 46
A5: 北一區 | B5: 101 | C5: 儲蓄分行 | D5: =VLOOKUP(B5,'116目標底稿ver1'!D:AC, 26,0) -> 19954000 | G5: 北二區 | H5: 36
A6: 北一區 | B6: 103 | C6: 城內分行 | D6: =VLOOKUP(B6,'116目標底稿ver1'!D:AC, 26,0) -> 25311000 | G6: 北三區 | H6: 33
A7: 北一區 | B7: 104 | C7: 大稻埕分行 | D7: =VLOOKUP(B7,'116目標底稿ver1'!D:AC, 26,0) -> 51975000 | G7: 中區 | H7: 31
A8: 北一區 | B8: 105 | C8: 建成分行 | D8: =VLOOKUP(B8,'116目標底稿ver1'!D:AC, 26,0) -> 31388500 | G8: 南區 | H8: 39
A9: 北一區 | B9: 106 | C9: 中山分行 | D9: =VLOOKUP(B9,'116目標底稿ver1'!D:AC, 26,0) -> 53729500 | G9: 總計 | H9: 185
A10: 北一區 | B10: 107 | C10: 圓山分行 | D10: =VLOOKUP(B10,'116目標底稿ver1'!D:AC, 26,0) -> 81251500
A11: 北一區 | B11: 108 | C11: 城東分行 | D11: =VLOOKUP(B11,'116目標底稿ver1'!D:AC, 26,0) -> 88495000
A12: 北一區 | B12: 109 | C12: 西門分行 | D12: =VLOOKUP(B12,'116目標底稿ver1'!D:AC, 26,0) -> 20993500
A13: 北一區 | B13: 110 | C13: 南松山分行 | D13: =VLOOKUP(B13,'116目標底稿ver1'!D:AC, 26,0) -> 32565500
A14: 北一區 | B14: 111 | C14: 仁愛路分行 | D14: =VLOOKUP(B14,'116目標底稿ver1'!D:AC, 26,0) -> 69811500
A15: 北一區 | B15: 112 | C15: 南京東路分行 | D15: =VLOOKUP(B15,'116目標底稿ver1'!D:AC, 26,0) -> 46975500
A16: 北一區 | B16: 113 | C16: 新生分行 | D16: =VLOOKUP(B16,'116目標底稿ver1'!D:AC, 26,0) -> 56452000
A17: 北一區 | B17: 114 | C17: 大同分行 | D17: =VLOOKUP(B17,'116目標底稿ver1'!D:AC, 26,0) -> 45694000
A18: 北一區 | B18: 115 | C18: 松山分行 | D18: =VLOOKUP(B18,'116目標底稿ver1'!D:AC, 26,0) -> 30162000
A19: 北一區 | B19: 116 | C19: 中崙分行 | D19: =VLOOKUP(B19,'116目標底稿ver1'!D:AC, 26,0) -> 27593500
A20: 北一區 | B20: 117 | C20: 台北南門分行 | D20: =VLOOKUP(B20,'116目標底稿ver1'!D:AC, 26,0) -> 48455000
A21: 北一區 | B21: 118 | C21: 公館分行 | D21: =VLOOKUP(B21,'116目標底稿ver1'!D:AC, 26,0) -> 39374500
... A188: 北一區 | B188: 888 | C188: 營運總部分行 | D188: =VLOOKUP(B188,'116目標底稿ver1'!D:AC, 26,0) -> 12023000
A189: 北一區 | C189: 合計 | D189: =SUMIF($A$4:$A$188,A189,$D$4:$D$188) -> 1799941000
A190: 北二區 | C190: 合計 | D190: =SUMIF($A$4:$A$188,A190,$D$4:$D$188) -> 1512021500
A191: 北三區 | C191: 合計 | D191: =SUMIF($A$4:$A$188,A191,$D$4:$D$188) -> 1154989000
A192: 中區 | C192: 合計 | D192: =SUMIF($A$4:$A$188,A192,$D$4:$D$188) -> 1311871000
A193: 南區 | C193: 合計 | D193: =SUMIF($A$4:$A$188,A193,$D$4:$D$188) -> #N/A
A194: 總 計 | D194: =SUM(D189:D193) -> #N/A

Sheet 財管手收各月
B1: 1 | C1: 2 | D1: 3 | E1: 4 | F1: 5 | G1: 6 | H1: 7 | I1: 8 | J1: 9 | K1: 10 | L1: 11 | M1: 12 | N1: 13 | O1: 14 | P1: 15
A2: 115年度各月營業單位財富管理業務手續費收入目標表
P3: 單位：新臺幣元
A4: 通路中心 | B4: 單位 代號 | C4: 單位 名稱 | D4: 1月 | E4: 2月 | F4: 3月 | G4: 4月 | H4: 5月 | I4: 6月 | J4: 7月 | K4: 8月 | L4: 9月 | M4: 10月 | N4: 11月 | O4: 12月 | P4: 合計
D5: (A) | E5: (B) | F5: (C) | G5: (D) | H5: (E) | I5: (F) | J5: (G) | K5: (H) | L5: (I) | M5: (J) | N5: (K) | O5: (L) | P5: (M) = SUM(A:L)
A6: 北一區 | B6: 100 | C6: 營業部 | D6: 11439000 | E6: 8800000 | F6: 8800000 | G6: 8361000 | H6: 9681000 | I6: 8361000 | J6: 8361000 | K6: 9681000 | L6: 8361000 | M6: 8800000 | N6: 9681000 | O6: 3514000 | P6: =SUM(D6:O6) -> 103840000
A7: 北一區 | B7: 101 | C7: 儲蓄分行 | D7: 3959000 | E7: 3045000 | F7: 3045000 | G7: 2892000 | H7: 3349000 | I7: 2892000 | J7: 2892000 | K7: 3349000 | L7: 2892000 | M7: 3045000 | N7: 3349000 | O7: 1221000 | P7: =SUM(D7:O7) -> 35930000
A8: 北一區 | B8: 103 | C8: 城內分行 | D8: 4872000 | E8: 3748000 | F8: 3748000 | G8: 3560000 | H8: 4122000 | I8: 3560000 | J8: 3560000 | K8: 4122000 | L8: 3560000 | M8: 3748000 | N8: 4122000 | O8: 1498000 | P8: =SUM(D8:O8) -> 44220000
A9: 北一區 | B9: 104 | C9: 大稻埕分行 | D9: 8328000 | E9: 6406000 | F9: 6406000 | G9: 6086000 | H9: 7047000 | I9: 6086000 | J9: 6086000 | K9: 7047000 | L9: 6086000 | M9: 6406000 | N9: 7047000 | O9: 2559000 | P9: =SUM(D9:O9) -> 75590000
A10: 北一區 | B10: 105 | C10: 建成分行 | D10: 6295000 | E10: 4843000 | F10: 4843000 | G10: 4601000 | H10: 5326000 | I10: 4601000 | J10: 4601000 | K10: 5326000 | L10: 4601000 | M10: 4843000 | N10: 5326000 | O10: 1934000 | P10: =SUM(D10:O10) -> 57140000
A11: 北一區 | B11: 106 | C11: 中山分行 | D11: 10937000 | E11: 8413000 | F11: 8413000 | G11: 7994000 | H11: 9255000 | I11: 7994000 | J11: 7994000 | K11: 9255000 | L11: 7994000 | M11: 8413000 | N11: 9255000 | O11: 3363000 | P11: =SUM(D11:O11) -> 99280000
A12: 北一區 | B12: 107 | C12: 圓山分行 | D12: 13011000 | E12: 10009000 | F12: 10009000 | G12: 9508000 | H12: 11009000 | I12: 9508000 | J12: 9508000 | K12: 11009000 | L12: 9508000 | M12: 10009000 | N12: 11009000 | O12: 4003000 | P12: =SUM(D12:O12) -> 118100000
A13: 北一區 | B13: 108 | C13: 城東分行 | D13: 14101000 | E13: 10847000 | F13: 10847000 | G13: 10305000 | H13: 11932000 | I13: 10305000 | J13: 10305000 | K13: 11932000 | L13: 10305000 | M13: 10847000 | N13: 11932000 | O13: 4342000 | P13: =SUM(D13:O13) -> 128000000
A14: 北一區 | B14: 109 | C14: 西門分行 | D14: 4184000 | E14: 3219000 | F14: 3219000 | G14: 3058000 | H14: 3540000 | I14: 3058000 | J14: 3058000 | K14: 3540000 | L14: 3058000 | M14: 3219000 | N14: 3540000 | O14: 1287000 | P14: =SUM(D14:O14) -> 37980000
A15: 北一區 | B15: 110 | C15: 南松山分行 | D15: 6553000 | E15: 5040000 | F15: 5040000 | G15: 4789000 | H15: 5545000 | I15: 4789000 | J15: 4789000 | K15: 5545000 | L15: 4789000 | M15: 5040000 | N15: 5545000 | O15: 2016000 | P15: =SUM(D15:O15) -> 59480000
A16: 北一區 | B16: 111 | C16: 仁愛路分行 | D16: 11219000 | E16: 8631000 | F16: 8631000 | G16: 8199000 | H16: 9494000 | I16: 8199000 | J16: 8199000 | K16: 9494000 | L16: 8199000 | M16: 8631000 | N16: 9494000 | O16: 3450000 | P16: =SUM(D16:O16) -> 101840000
A17: 北一區 | B17: 112 | C17: 南京東路分行 | D17: 7489000 | E17: 5759000 | F17: 5759000 | G17: 5472000 | H17: 6335000 | I17: 5472000 | J17: 5472000 | K17: 6335000 | L17: 5472000 | M17: 5759000 | N17: 6335000 | O17: 2311000 | P17: =SUM(D17:O17) -> 67970000
... A190: 北一區 | B190: 888 | C190: 營運總部分行 | D190: 1895000 | E190: 1457000 | F190: 1457000 | G190: 1385000 | H190: 1604000 | I190: 1385000 | J190: 1385000 | K190: 1604000 | L190: 1385000 | M190: 1457000 | N190: 1604000 | O190: 582000 | P190: =SUM(D190:O190) -> 17200000
A191: 北一區 | C191: 合計 | D191: =SUMIF($A$6:$A$190,$A191,$D$6:$D$190) -> 327641000 | E191: =SUMIF($A$6:$A$190,$A191,$E$6:$E$190) -> 252026000 | F191: =SUMIF($A$6:$A$190,$A191,$F$6:$F$190) -> 252026000 | G191: =SUMIF($A$6:$A$190,$A191,$G$6:$G$190) -> 239435000 | H191: =SUMIF($A$6:$A$190,$A191,$H$6:$H$190) -> 277234000 | I191: =SUMIF($A$6:$A$190,$A191,$I$6:$I$190) -> 239435000 | J191: =SUMIF($A$6:$A$190,$A191,$J$6:$J$190) -> 239435000 | K191: =SUMIF($A$6:$A$190,$A191,$K$6:$K$190) -> 277234000 | L191: =SUMIF($A$6:$A$190,$A191,$L$6:$L$190) -> 239435000 | M191: =SUMIF($A$6:$A$190,$A191,$M$6:$M$190) -> 252026000 | N191: =SUMIF($A$6:$A$190,$A191,$N$6:$N$190) -> 277234000 | O191: =SUMIF($A$6:$A$190,$A191,$O$6:$O$190) -> 100819000 | P191: =SUM(D191:O191) -> 2973980000
A192: 北二區 | C192: 合計 | D192: =SUMIF($A$6:$A$190,$A192,$D$6:$D$190) -> 267610000 | E192: =SUMIF($A$6:$A$190,$A192,$E$6:$E$190) -> 205858000 | F192: =SUMIF($A$6:$A$190,$A192,$F$6:$F$190) -> 205858000 | G192: =SUMIF($A$6:$A$190,$A192,$G$6:$G$190) -> 195561000 | H192: =SUMIF($A$6:$A$190,$A192,$H$6:$H$190) -> 226451000 | I192: =SUMIF($A$6:$A$190,$A192,$I$6:$I$190) -> 195561000 | J192: =SUMIF($A$6:$A$190,$A192,$J$6:$J$190) -> 195561000 | K192: =SUMIF($A$6:$A$190,$A192,$K$6:$K$190) -> 226451000 | L192: =SUMIF($A$6:$A$190,$A192,$L$6:$L$190) -> 195561000 | M192: =SUMIF($A$6:$A$190,$A192,$M$6:$M$190) -> 205858000 | N192: =SUMIF($A$6:$A$190,$A192,$N$6:$N$190) -> 226451000 | O192: =SUMIF($A$6:$A$190,$A192,$O$6:$O$190) -> 82349000 | P192: =SUM(D192:O192) -> 2429130000
A193: 北三區 | C193: 合計 | D193: =SUMIF($A$6:$A$190,$A193,$D$6:$D$190) -> 211383000 | E193: =SUMIF($A$6:$A$190,$A193,$E$6:$E$190) -> 162607000 | F193: =SUMIF($A$6:$A$190,$A193,$F$6:$F$190) -> 162607000 | G193: =SUMIF($A$6:$A$190,$A193,$G$6:$G$190) -> 154469000 | H193: =SUMIF($A$6:$A$190,$A193,$H$6:$H$190) -> 178867000 | I193: =SUMIF($A$6:$A$190,$A193,$I$6:$I$190) -> 154469000 | J193: =SUMIF($A$6:$A$190,$A193,$J$6:$J$190) -> 154469000 | K193: =SUMIF($A$6:$A$190,$A193,$K$6:$K$190) -> 178867000 | L193: =SUMIF($A$6:$A$190,$A193,$L$6:$L$190) -> 154469000 | M193: =SUMIF($A$6:$A$190,$A193,$M$6:$M$190) -> 162607000 | N193: =SUMIF($A$6:$A$190,$A193,$N$6:$N$190) -> 178867000 | O193: =SUMIF($A$6:$A$190,$A193,$O$6:$O$190) -> 65029000 | P193: =SUM(D193:O193) -> 1918710000
A194: 中區 | C194: 合計 | D194: =SUMIF($A$6:$A$190,$A194,$D$6:$D$190) -> 241979000 | E194: =SUMIF($A$6:$A$190,$A194,$E$6:$E$190) -> 186139000 | F194: =SUMIF($A$6:$A$190,$A194,$F$6:$F$190) -> 186139000 | G194: =SUMIF($A$6:$A$190,$A194,$G$6:$G$190) -> 176828000 | H194: =SUMIF($A$6:$A$190,$A194,$H$6:$H$190) -> 204745000 | I194: =SUMIF($A$6:$A$190,$A194,$I$6:$I$190) -> 176828000 | J194: =SUMIF($A$6:$A$190,$A194,$J$6:$J$190) -> 176828000 | K194: =SUMIF($A$6:$A$190,$A194,$K$6:$K$190) -> 204745000 | L194: =SUMIF($A$6:$A$190,$A194,$L$6:$L$190) -> 176828000 | M194: =SUMIF($A$6:$A$190,$A194,$M$6:$M$190) -> 186139000 | N194: =SUMIF($A$6:$A$190,$A194,$N$6:$N$190) -> 204745000 | O194: =SUMIF($A$6:$A$190,$A194,$O$6:$O$190) -> 74487000 | P194: =SUM(D194:O194) -> 2196430000
A195: 南區 | C195: 合計 | D195: =SUMIF($A$6:$A$190,$A195,$D$6:$D$190) -> 251380000 | E195: =SUMIF($A$6:$A$190,$A195,$E$6:$E$190) -> 193370000 | F195: =SUMIF($A$6:$A$190,$A195,$F$6:$F$190) -> 193370000 | G195: =SUMIF($A$6:$A$190,$A195,$G$6:$G$190) -> 183699000 | H195: =SUMIF($A$6:$A$190,$A195,$H$6:$H$190) -> 212707000 | I195: =SUMIF($A$6:$A$190,$A195,$I$6:$I$190) -> 183699000 | J195: =SUMIF($A$6:$A$190,$A195,$J$6:$J$190) -> 183699000 | K195: =SUMIF($A$6:$A$190,$A195,$K$6:$K$190) -> 212707000 | L195: =SUMIF($A$6:$A$190,$A195,$L$6:$L$190) -> 183699000 | M195: =SUMIF($A$6:$A$190,$A195,$M$6:$M$190) -> 193370000 | N195: =SUMIF($A$6:$A$190,$A195,$N$6:$N$190) -> 212707000 | O195: =SUMIF($A$6:$A$190,$A195,$O$6:$O$190) -> 77343000 | P195: =SUM(D195:O195) -> 2281750000
A196: 總計 | D196: =SUM(D191:D195) -> 1299993000 | E196: =SUM(E191:E195) -> 1000000000 | F196: =SUM(F191:F195) -> 1000000000 | G196: =SUM(G191:G195) -> 949992000 | H196: =SUM(H191:H195) -> 1100004000 | I196: =SUM(I191:I195) -> 949992000 | J196: =SUM(J191:J195) -> 949992000 | K196: =SUM(K191:K195) -> 1100004000 | ... O196: =SUM(O191:O195) -> 400027000 | P196: =SUM(D196:O196) -> 11800000000

Sheet 客群經營各月
B1: 1 | C1: 2 | D1: 3 | E1: 4 | F1: 5 | G1: 6 | H1: 7 | I1: 8 | J1: 9 | K1: 10 | L1: 11 | M1: 12 | N1: 13 | O1: 14 | P1: 15
A2: 115年度各月營業單位客群經營目標表
P3: 單位：新臺幣元
A4: 通路中心 | B4: 單位 代號 | C4: 單位 名稱 | D4: 1月 | E4: 2月 | F4: 3月 | G4: 4月 | H4: 5月 | I4: 6月 | J4: 7月 | K4: 8月 | L4: 9月 | M4: 10月 | N4: 11月 | O4: 12月 | P4: 合計
D5: (A) | E5: (B) | F5: (C) | G5: (D) | H5: (E) | I5: (F) | J5: (G) | K5: (H) | L5: (I) | M5: (J) | N5: (K) | O5: (L) | P5: (M) = SUM(A:L)
A6: 北一區 | B6: 100 | C6: 營業部 | D6: =VLOOKUP(B6,財管手收各月!B:P, 3, 0) *0.55 -> 6291450 | E6: =VLOOKUP(B6,財管手收各月!B:P, 4, 0) *0.55 -> 4840000 | F6: =VLOOKUP(B6,財管手收各月!B:P, 5, 0) *0.55 -> 4840000 | G6: =VLOOKUP(B6,財管手收各月!B:P, 6, 0) *0.55 -> 4598550 | H6: =VLOOKUP(B6,財管手收各月!B:P, 7, 0) *0.55 -> 5324550 | I6: =VLOOKUP(B6,財管手收各月!B:P, 8, 0) *0.55 -> 4598550 | J6: =VLOOKUP(B6,財管手收各月!B:P, 9, 0) *0.55 -> 4598550 | K6: =VLOOKUP(B6,財管手收各月!B:P, 10, 0) *0.55 -> 5324550 | L6: =VLOOKUP(B6,財管手收各月!B:P, 11, 0) *0.55 -> 4598550 | M6: =VLOOKUP(B6,財管手收各月!B:P, 12, 0) *0.55 -> 4840000 | N6: =VLOOKUP(B6,財管手收各月!B:P, 13, 0) *0.55 -> 5324550 | O6: =VLOOKUP(B6,財管手收各月!B:P, 14, 0) *0.55 -> 1932700 | P6: =SUM(D6:O6) -> 57112000
A7: 北一區 | B7: 101 | C7: 儲蓄分行 | D7: =VLOOKUP(B7,財管手收各月!B:P, 3, 0) *0.55 -> 2177450 | E7: =VLOOKUP(B7,財管手收各月!B:P, 4, 0) *0.55 -> 1674750 | F7: =VLOOKUP(B7,財管手收各月!B:P, 5, 0) *0.55 -> 1674750 | G7: =VLOOKUP(B7,財管手收各月!B:P, 6, 0) *0.55 -> 1590600 | H7: =VLOOKUP(B7,財管手收各月!B:P, 7, 0) *0.55 -> 1841950 | I7: =VLOOKUP(B7,財管手收各月!B:P, 8, 0) *0.55 -> 1590600 | J7: =VLOOKUP(B7,財管手收各月!B:P, 9, 0) *0.55 -> 1590600 | K7: =VLOOKUP(B7,財管手收各月!B:P, 10, 0) *0.55 -> 1841950 | L7: =VLOOKUP(B7,財管手收各月!B:P, 11, 0) *0.55 -> 1590600 | M7: =VLOOKUP(B7,財管手收各月!B:P, 12, 0) *0.55 -> 1674750 | N7: =VLOOKUP(B7,財管手收各月!B:P, 13, 0) *0.55 -> 1841950 | O7: =VLOOKUP(B7,財管手收各月!B:P, 14, 0) *0.55 -> 671550 | P7: =SUM(D7:O7) -> 19761500
A8: 北一區 | B8: 103 | C8: 城內分行 | D8: =VLOOKUP(B8,財管手收各月!B:P, 3, 0) *0.55 -> 2679600 | E8: =VLOOKUP(B8,財管手收各月!B:P, 4, 0) *0.55 -> 2061400 | F8: =VLOOKUP(B8,財管手收各月!B:P, 5, 0) *0.55 -> 2061400 | G8: =VLOOKUP(B8,財管手收各月!B:P, 6, 0) *0.55 -> 1958000 | H8: =VLOOKUP(B8,財管手收各月!B:P, 7, 0) *0.55 -> 2267100 | I8: =VLOOKUP(B8,財管手收各月!B:P, 8, 0) *0.55 -> 1958000 | J8: =VLOOKUP(B8,財管手收各月!B:P, 9, 0) *0.55 -> 1958000 | K8: =VLOOKUP(B8,財管手收各月!B:P, 10, 0) *0.55 -> 2267100 | L8: =VLOOKUP(B8,財管手收各月!B:P, 11, 0) *0.55 -> 1958000 | M8: =VLOOKUP(B8,財管手收各月!B:P, 12, 0) *0.55 -> 2061400 | N8: =VLOOKUP(B8,財管手收各月!B:P, 13, 0) *0.55 -> 2267100 | O8: =VLOOKUP(B8,財管手收各月!B:P, 14, 0) *0.55 -> 823900 | P8: =SUM(D8:O8) -> 24321000
A9: 北一區 | B9: 104 | C9: 大稻埕分行 | D9: =VLOOKUP(B9,財管手收各月!B:P, 3, 0) *0.55 -> 4580400 | E9: =VLOOKUP(B9,財管手收各月!B:P, 4, 0) *0.55 -> 3523300 | F9: =VLOOKUP(B9,財管手收各月!B:P, 5, 0) *0.55 -> 3523300 | G9: =VLOOKUP(B9,財管手收各月!B:P, 6, 0) *0.55 -> 3347300 | H9: =VLOOKUP(B9,財管手收各月!B:P, 7, 0) *0.55 -> 3875850 | I9: =VLOOKUP(B9,財管手收各月!B:P, 8, 0) *0.55 -> 3347300 | J9: =VLOOKUP(B9,財管手收各月!B:P, 9, 0) *0.55 -> 3347300 | K9: =VLOOKUP(B9,財管手收各月!B:P, 10, 0) *0.55 -> 3875850 | L9: =VLOOKUP(B9,財管手收各月!B:P, 11, 0) *0.55 -> 3347300 | M9: =VLOOKUP(B9,財管手收各月!B:P, 12, 0) *0.55 -> 3523300 | N9: =VLOOKUP(B9,財管手收各月!B:P, 13, 0) *0.55 -> 3875850 | O9: =VLOOKUP(B9,財管手收各月!B:P, 14, 0) *0.55 -> 1407450 | P9: =SUM(D9:O9) -> 41574500
A10: 北一區 | B10: 105 | C10: 建成分行 | D10: =VLOOKUP(B10,財管手收各月!B:P, 3, 0) *0.55 -> 3462250 | E10: =VLOOKUP(B10,財管手收各月!B:P, 4, 0) *0.55 -> 2663650 | F10: =VLOOKUP(B10,財管手收各月!B:P, 5, 0) *0.55 -> 2663650 | G10: =VLOOKUP(B10,財管手收各月!B:P, 6, 0) *0.55 -> 2530550 | H10: =VLOOKUP(B10,財管手收各月!B:P, 7, 0) *0.55 -> 2929300 | I10: =VLOOKUP(B10,財管手收各月!B:P, 8, 0) *0.55 -> 2530550 | J10: =VLOOKUP(B10,財管手收各月!B:P, 9, 0) *0.55 -> 2530550 | K10: =VLOOKUP(B10,財管手收各月!B:P, 10, 0) *0.55 -> 2929300 | L10: =VLOOKUP(B10,財管手收各月!B:P, 11, 0) *0.55 -> 2530550 | M10: =VLOOKUP(B10,財管手收各月!B:P, 12, 0) *0.55 -> 2663650 | N10: =VLOOKUP(B10,財管手收各月!B:P, 13, 0) *0.55 -> 2929300 | O10: =VLOOKUP(B10,財管手收各月!B:P, 14, 0) *0.55 -> 1063700 | P10: =SUM(D10:O10) -> 31427000
A11: 北一區 | B11: 106 | C11: 中山分行 | D11: =VLOOKUP(B11,財管手收各月!B:P, 3, 0) *0.55 -> 6015350 | E11: =VLOOKUP(B11,財管手收各月!B:P, 4, 0) *0.55 -> 4627150 | F11: =VLOOKUP(B11,財管手收各月!B:P, 5, 0) *0.55 -> 4627150 | G11: =VLOOKUP(B11,財管手收各月!B:P, 6, 0) *0.55 -> 4396700 | H11: =VLOOKUP(B11,財管手收各月!B:P, 7, 0) *0.55 -> 5090250 | I11: =VLOOKUP(B11,財管手收各月!B:P, 8, 0) *0.55 -> 4396700 | J11: =VLOOKUP(B11,財管手收各月!B:P, 9, 0) *0.55 -> 4396700 | K11: =VLOOKUP(B11,財管手收各月!B:P, 10, 0) *0.55 -> 5090250 | L11: =VLOOKUP(B11,財管手收各月!B:P, 11, 0) *0.55 -> 4396700 | M11: =VLOOKUP(B11,財管手收各月!B:P, 12, 0) *0.55 -> 4627150 | N11: =VLOOKUP(B11,財管手收各月!B:P, 13, 0) *0.55 -> 5090250 | O11: =VLOOKUP(B11,財管手收各月!B:P, 14, 0) *0.55 -> 1849650 | P11: =SUM(D11:O11) -> 54604000
A12: 北一區 | B12: 107 | C12: 圓山分行 | D12: =VLOOKUP(B12,財管手收各月!B:P, 3, 0) *0.55 -> 7156050 | E12: =VLOOKUP(B12,財管手收各月!B:P, 4, 0) *0.55 -> 5504950 | F12: =VLOOKUP(B12,財管手收各月!B:P, 5, 0) *0.55 -> 5504950 | G12: =VLOOKUP(B12,財管手收各月!B:P, 6, 0) *0.55 -> 5229400 | H12: =VLOOKUP(B12,財管手收各月!B:P, 7, 0) *0.55 -> 6054950 | I12: =VLOOKUP(B12,財管手收各月!B:P, 8, 0) *0.55 -> 5229400 | J12: =VLOOKUP(B12,財管手收各月!B:P, 9, 0) *0.55 -> 5229400 | K12: =VLOOKUP(B12,財管手收各月!B:P, 10, 0) *0.55 -> 6054950 | L12: =VLOOKUP(B12,財管手收各月!B:P, 11, 0) *0.55 -> 5229400 | M12: =VLOOKUP(B12,財管手收各月!B:P, 12, 0) *0.55 -> 5504950 | N12: =VLOOKUP(B12,財管手收各月!B:P, 13, 0) *0.55 -> 6054950 | O12: =VLOOKUP(B12,財管手收各月!B:P, 14, 0) *0.55 -> 2201650 | P12: =SUM(D12:O12) -> 64955000
A13: 北一區 | B13: 108 | C13: 城東分行 | D13: =VLOOKUP(B13,財管手收各月!B:P, 3, 0) *0.55 -> 7755550 | E13: =VLOOKUP(B13,財管手收各月!B:P, 4, 0) *0.55 -> 5965850 | F13: =VLOOKUP(B13,財管手收各月!B:P, 5, 0) *0.55 -> 5965850 | G13: =VLOOKUP(B13,財管手收各月!B:P, 6, 0) *0.55 -> 5667750 | H13: =VLOOKUP(B13,財管手收各月!B:P, 7, 0) *0.55 -> 6562600 | I13: =VLOOKUP(B13,財管手收各月!B:P, 8, 0) *0.55 -> 5667750 | J13: =VLOOKUP(B13,財管手收各月!B:P, 9, 0) *0.55 -> 5667750 | K13: =VLOOKUP(B13,財管手收各月!B:P, 10, 0) *0.55 -> 6562600 | L13: =VLOOKUP(B13,財管手收各月!B:P, 11, 0) *0.55 -> 5667750 | M13: =VLOOKUP(B13,財管手收各月!B:P, 12, 0) *0.55 -> 5965850 | N13: =VLOOKUP(B13,財管手收各月!B:P, 13, 0) *0.55 -> 6562600 | O13: =VLOOKUP(B13,財管手收各月!B:P, 14, 0) *0.55 -> 2388100 | P13: =SUM(D13:O13) -> 70400000
A14: 北一區 | B14: 109 | C14: 西門分行 | D14: =VLOOKUP(B14,財管手收各月!B:P, 3, 0) *0.55 -> 2301200 | E14: =VLOOKUP(B14,財管手收各月!B:P, 4, 0) *0.55 -> 1770450 | F14: =VLOOKUP(B14,財管手收各月!B:P, 5, 0) *0.55 -> 1770450 | G14: =VLOOKUP(B14,財管手收各月!B:P, 6, 0) *0.55 -> 1681900 | H14: =VLOOKUP(B14,財管手收各月!B:P, 7, 0) *0.55 -> 1947000 | I14: =VLOOKUP(B14,財管手收各月!B:P, 8, 0) *0.55 -> 1681900 | J14: =VLOOKUP(B14,財管手收各月!B:P, 9, 0) *0.55 -> 1681900 | K14: =VLOOKUP(B14,財管手收各月!B:P, 10, 0) *0.55 -> 1947000 | L14: =VLOOKUP(B14,財管手收各月!B:P, 11, 0) *0.55 -> 1681900 | M14: =VLOOKUP(B14,財管手收各月!B:P, 12, 0) *0.55 -> 1770450 | N14: =VLOOKUP(B14,財管手收各月!B:P, 13, 0) *0.55 -> 1947000 | O14: =VLOOKUP(B14,財管手收各月!B:P, 14, 0) *0.55 -> 707850 | P14: =SUM(D14:O14) -> 20889000
A15: 北一區 | B15: 110 | C15: 南松山分行 | D15: =VLOOKUP(B15,財管手收各月!B:P, 3, 0) *0.55 -> 3604150 | E15: =VLOOKUP(B15,財管手收各月!B:P, 4, 0) *0.55 -> 2772000 | F15: =VLOOKUP(B15,財管手收各月!B:P, 5, 0) *0.55 -> 2772000 | G15: =VLOOKUP(B15,財管手收各月!B:P, 6, 0) *0.55 -> 2633950 | H15: =VLOOKUP(B15,財管手收各月!B:P, 7, 0) *0.55 -> 3049750 | I15: =VLOOKUP(B15,財管手收各月!B:P, 8, 0) *0.55 -> 2633950 | J15: =VLOOKUP(B15,財管手收各月!B:P, 9, 0) *0.55 -> 2633950 | K15: =VLOOKUP(B15,財管手收各月!B:P, 10, 0) *0.55 -> 3049750 | L15: =VLOOKUP(B15,財管手收各月!B:P, 11, 0) *0.55 -> 2633950 | M15: =VLOOKUP(B15,財管手收各月!B:P, 12, 0) *0.55 -> 2772000 | N15: =VLOOKUP(B15,財管手收各月!B:P, 13, 0) *0.55 -> 3049750 | O15: =VLOOKUP(B15,財管手收各月!B:P, 14, 0) *0.55 -> 1108800 | P15: =SUM(D15:O15) -> 32714000
A16: 北一區 | B16: 111 | C16: 仁愛路分行 | D16: =VLOOKUP(B16,財管手收各月!B:P, 3, 0) *0.55 -> 6170450 | E16: =VLOOKUP(B16,財管手收各月!B:P, 4, 0) *0.55 -> 4747050 | F16: =VLOOKUP(B16,財管手收各月!B:P, 5, 0) *0.55 -> 4747050 | G16: =VLOOKUP(B16,財管手收各月!B:P, 6, 0) *0.55 -> 4509450 | H16: =VLOOKUP(B16,財管手收各月!B:P, 7, 0) *0.55 -> 5221700 | I16: =VLOOKUP(B16,財管手收各月!B:P, 8, 0) *0.55 -> 4509450 | J16: =VLOOKUP(B16,財管手收各月!B:P, 9, 0) *0.55 -> 4509450 | K16: =VLOOKUP(B16,財管手收各月!B:P, 10, 0) *0.55 -> 5221700 | L16: =VLOOKUP(B16,財管手收各月!B:P, 11, 0) *0.55 -> 4509450 | M16: =VLOOKUP(B16,財管手收各月!B:P, 12, 0) *0.55 -> 4747050 | N16: =VLOOKUP(B16,財管手收各月!B:P, 13, 0) *0.55 -> 5221700 | O16: =VLOOKUP(B16,財管手收各月!B:P, 14, 0) *0.55 -> 1897500 | P16: =SUM(D16:O16) -> 56012000
A17: 北一區 | B17: 112 | C17: 南京東路分行 | D17: =VLOOKUP(B17,財管手收各月!B:P, 3, 0) *0.55 -> 4118950 | E17: =VLOOKUP(B17,財管手收各月!B:P, 4, 0) *0.55 -> 3167450 | F17: =VLOOKUP(B17,財管手收各月!B:P, 5, 0) *0.55 -> 3167450 | G17: =VLOOKUP(B17,財管手收各月!B:P, 6, 0) *0.55 -> 3009600 | H17: =VLOOKUP(B17,財管手收各月!B:P, 7, 0) *0.55 -> 3484250 | I17: =VLOOKUP(B17,財管手收各月!B:P, 8, 0) *0.55 -> 3009600 | J17: =VLOOKUP(B17,財管手收各月!B:P, 9, 0) *0.55 -> 3009600 | K17: =VLOOKUP(B17,財管手收各月!B:P, 10, 0) *0.55 -> 3484250 | L17: =VLOOKUP(B17,財管手收各月!B:P, 11, 0) *0.55 -> 3009600 | M17: =VLOOKUP(B17,財管手收各月!B:P, 12, 0) *0.55 -> 3167450 | N17: =VLOOKUP(B17,財管手收各月!B:P, 13, 0) *0.55 -> 3484250 | O17: =VLOOKUP(B17,財管手收各月!B:P, 14, 0) *0.55 -> 1271050 | P17: =SUM(D17:O17) -> 37383500
... A190: 北一區 | B190: 888 | C190: 營運總部分行 | D190: =VLOOKUP(B190,財管手收各月!B:P, 3, 0) *0.55 -> 1042250 | E190: =VLOOKUP(B190,財管手收各月!B:P, 4, 0) *0.55 -> 801350 | F190: =VLOOKUP(B190,財管手收各月!B:P, 5, 0) *0.55 -> 801350 | G190: =VLOOKUP(B190,財管手收各月!B:P, 6, 0) *0.55 -> 761750 | H190: =VLOOKUP(B190,財管手收各月!B:P, 7, 0) *0.55 -> 882200 | I190: =VLOOKUP(B190,財管手收各月!B:P, 8, 0) *0.55 -> 761750 | J190: =VLOOKUP(B190,財管手收各月!B:P, 9, 0) *0.55 -> 761750 | K190: =VLOOKUP(B190,財管手收各月!B:P, 10, 0) *0.55 -> 882200 | L190: =VLOOKUP(B190,財管手收各月!B:P, 11, 0) *0.55 -> 761750 | M190: =VLOOKUP(B190,財管手收各月!B:P, 12, 0) *0.55 -> 801350 | N190: =VLOOKUP(B190,財管手收各月!B:P, 13, 0) *0.55 -> 882200 | O190: =VLOOKUP(B190,財管手收各月!B:P, 14, 0) *0.55 -> 320100 | P190: =SUM(D190:O190) -> 9460000
A191: 北一區 | C191: 合計 | D191: =SUMIF($A$6:$A$190,$A191,$D$6:$D$190) -> 180202550 | E191: =SUMIF($A$6:$A$190,$A191,$E$6:$E$190) -> 138614300 | F191: =SUMIF($A$6:$A$190,$A191,$F$6:$F$190) -> 138614300 | G191: =SUMIF($A$6:$A$190,$A191,$G$6:$G$190) -> 131689250 | H191: =SUMIF($A$6:$A$190,$A191,$H$6:$H$190) -> 152478700 | I191: =SUMIF($A$6:$A$190,$A191,$I$6:$I$190) -> 131689250 | J191: =SUMIF($A$6:$A$190,$A191,$J$6:$J$190) -> 131689250 | K191: =SUMIF($A$6:$A$190,$A191,$K$6:$K$190) -> 152478700 | L191: =SUMIF($A$6:$A$190,$A191,$L$6:$L$190) -> 131689250 | M191: =SUMIF($A$6:$A$190,$A191,$M$6:$M$190) -> 138614300 | N191: =SUMIF($A$6:$A$190,$A191,$N$6:$N$190) -> 152478700 | O191: =SUMIF($A$6:$A$190,$A191,$O$6:$O$190) -> 55450450 | P191: =SUM(D191:O191) -> 1635689000
A192: 北二區 | C192: 合計 | D192: =SUMIF($A$6:$A$190,$A192,$D$6:$D$190) -> 147185500 | E192: =SUMIF($A$6:$A$190,$A192,$E$6:$E$190) -> 113221900 | F192: =SUMIF($A$6:$A$190,$A192,$F$6:$F$190) -> 113221900 | G192: =SUMIF($A$6:$A$190,$A192,$G$6:$G$190) -> 107558550 | H192: =SUMIF($A$6:$A$190,$A192,$H$6:$H$190) -> 124548050 | I192: =SUMIF($A$6:$A$190,$A192,$I$6:$I$190) -> 107558550 | J192: =SUMIF($A$6:$A$190,$A192,$J$6:$J$190) -> 107558550 | K192: =SUMIF($A$6:$A$190,$A192,$K$6:$K$190) -> 124548050 | L192: =SUMIF($A$6:$A$190,$A192,$L$6:$L$190) -> 107558550 | M192: =SUMIF($A$6:$A$190,$A192,$M$6:$M$190) -> 113221900 | N192: =SUMIF($A$6:$A$190,$A192,$N$6:$N$190) -> 124548050 | O192: =SUMIF($A$6:$A$190,$A192,$O$6:$O$190) -> 45291950 | P192: =SUM(D192:O192) -> 1336021500
A193: 北三區 | C193: 合計 | D193: =SUMIF($A$6:$A$190,$A193,$D$6:$D$190) -> 116260650 | E193: =SUMIF($A$6:$A$190,$A193,$E$6:$E$190) -> 89433850 | F193: =SUMIF($A$6:$A$190,$A193,$F$6:$F$190) -> 89433850 | G193: =SUMIF($A$6:$A$190,$A193,$G$6:$G$190) -> 84957950 | H193: =SUMIF($A$6:$A$190,$A193,$H$6:$H$190) -> 98376850 | I193: =SUMIF($A$6:$A$190,$A193,$I$6:$I$190) -> 84957950 | J193: =SUMIF($A$6:$A$190,$A193,$J$6:$J$190) -> 84957950 | K193: =SUMIF($A$6:$A$190,$A193,$K$6:$K$190) -> 98376850 | L193: =SUMIF($A$6:$A$190,$A193,$L$6:$L$190) -> 84957950 | M193: =SUMIF($A$6:$A$190,$A193,$M$6:$M$190) -> 89433850 | N193: =SUMIF($A$6:$A$190,$A193,$N$6:$N$190) -> 98376850 | O193: =SUMIF($A$6:$A$190,$A193,$O$6:$O$190) -> 35765950 | P193: =SUM(D193:O193) -> 1055290500
A194: 中區 | C194: 合計 | D194: =SUMIF($A$6:$A$190,$A194,$D$6:$D$190) -> 133088450 | E194: =SUMIF($A$6:$A$190,$A194,$E$6:$E$190) -> 102376450 | F194: =SUMIF($A$6:$A$190,$A194,$F$6:$F$190) -> 102376450 | G194: =SUMIF($A$6:$A$190,$A194,$G$6:$G$190) -> 97255400 | H194: =SUMIF($A$6:$A$190,$A194,$H$6:$H$190) -> 112609750 | I194: =SUMIF($A$6:$A$190,$A194,$I$6:$I$190) -> 97255400 | J194: =SUMIF($A$6:$A$190,$A194,$J$6:$J$190) -> 97255400 | K194: =SUMIF($A$6:$A$190,$A194,$K$6:$K$190) -> 112609750 | L194: =SUMIF($A$6:$A$190,$A194,$L$6:$L$190) -> 97255400 | M194: =SUMIF($A$6:$A$190,$A194,$M$6:$M$190) -> 102376450 | N194: =SUMIF($A$6:$A$190,$A194,$N$6:$N$190) -> 112609750 | O194: =SUMIF($A$6:$A$190,$A194,$O$6:$O$190) -> 40967850 | P194: =SUM(D194:O194) -> 1208036500
A195: 南區 | C195: 合計 | D195: =SUMIF($A$6:$A$190,$A195,$D$6:$D$190) -> 138259000 | E195: =SUMIF($A$6:$A$190,$A195,$E$6:$E$190) -> 106353500 | F195: =SUMIF($A$6:$A$190,$A195,$F$6:$F$190) -> 106353500 | G195: =SUMIF($A$6:$A$190,$A195,$G$6:$G$190) -> 101034450 | H195: =SUMIF($A$6:$A$190,$A195,$H$6:$H$190) -> 116988850 | I195: =SUMIF($A$6:$A$190,$A195,$I$6:$I$190) -> 101034450 | J195: =SUMIF($A$6:$A$190,$A195,$J$6:$J$190) -> 101034450 | K195: =SUMIF($A$6:$A$190,$A195,$K$6:$K$190) -> 116988850 | L195: =SUMIF($A$6:$A$190,$A195,$L$6:$L$190) -> 101034450 | M195: =SUMIF($A$6:$A$190,$A195,$M$6:$M$190) -> 106353500 | N195: =SUMIF($A$6:$A$190,$A195,$N$6:$N$190) -> 116988850 | O195: =SUMIF($A$6:$A$190,$A195,$O$6:$O$190) -> 42538650 | P195: =SUM(D195:O195) -> 1254962500
A196: 總計 | D196: =SUM(D191:D195) -> 714996150 | E196: =SUM(E191:E195) -> 550000000 | F196: =SUM(F191:F195) -> 550000000 | G196: =SUM(G191:G195) -> 522495600 | H196: =SUM(H191:H195) -> 605002200 | I196: =SUM(I191:I195) -> 522495600 | J196: =SUM(J191:J195) -> 522495600 | K196: =SUM(K191:K195) -> 605002200 | ... O196: =SUM(O191:O195) -> 220014850 | P196: =SUM(D196:O196) -> 6490000000

Sheet 全年KPI
B1: 1 | C1: 2 | D1: 3 | E1: 4 | F1: 5 | G1: 6 | H1: 7 | I1: 8 | J1: 11
A2: 115年度營業單位財富管理業務手續費收入目標表 | J2: 盈餘轉換率
I3: 單位：新臺幣元 | J3: =ROUND(I198, 4) -> 0.9608
A4: 通路中心 | B4: 單位 代號 | C4: 單位 名稱 | D4: 基金 手續費收入目標 | E4: 保險業務 手續費收入目標 | F4: 外國債券 手續費收入目標 | G4: 財產信託 手續費收入目標 | H4: 組合式商品 手續費收入目標 | I4: 財富管理 手續費收入目標 | J4: 財富管理手續費收入對盈餘目標之影響數
D5: (A) | E5: (B) | F5: (C) | G5: (D) | H5: (E) | I5: (F)=(A)+(B)+(C)+(D)+(E) | J5: (F)*0.9608
A6: 北一區 | B6: 100 | C6: 營業部 | D6: 26990000 | E6: 62090000 | F6: 7622000 | G6: 6049000 | H6: 1089000 | I6: =SUM(D6:H6) -> 103840000 | J6: =ROUND(I6*$J$3, -3) -> 99769000
A7: 北一區 | B7: 101 | C7: 儲蓄分行 | D7: 9340000 | E7: 21480000 | F7: 2358000 | G7: 2375000 | H7: 377000 | I7: =SUM(D7:H7) -> 35930000 | J7: =ROUND(I7*$J$3, -3) -> 34522000
A8: 北一區 | B8: 103 | C8: 城內分行 | D8: 11500000 | E8: 26440000 | F8: 3220000 | G8: 2596000 | H8: 464000 | I8: =SUM(D8:H8) -> 44220000 | J8: =ROUND(I8*$J$3, -3) -> 42487000
A9: 北一區 | B9: 104 | C9: 大稻埕分行 | D9: 19650000 | E9: 45200000 | F9: 5753000 | G9: 4194000 | H9: 793000 | I9: =SUM(D9:H9) -> 75590000 | J9: =ROUND(I9*$J$3, -3) -> 72627000
A10: 北一區 | B10: 105 | C10: 建成分行 | D10: 14850000 | E10: 34170000 | F10: 4056000 | G10: 3465000 | H10: 599000 | I10: =SUM(D10:H10) -> 57140000 | J10: =ROUND(I10*$J$3, -3) -> 54900000
A11: 北一區 | B11: 106 | C11: 中山分行 | D11: 25810000 | E11: 59370000 | F11: 7783000 | G11: 5276000 | H11: 1041000 | I11: =SUM(D11:H11) -> 99280000 | J11: =ROUND(I11*$J$3, -3) -> 95388000
A12: 北一區 | B12: 107 | C12: 圓山分行 | D12: 30700000 | E12: 70620000 | F12: 8774000 | G12: 6767000 | H12: 1239000 | I12: =SUM(D12:H12) -> 118100000 | J12: =ROUND(I12*$J$3, -3) -> 113470000
A13: 北一區 | B13: 108 | C13: 城東分行 | D13: 33270000 | E13: 76540000 | F13: 9791000 | G13: 7056000 | H13: 1343000 | I13: =SUM(D13:H13) -> 128000000 | J13: =ROUND(I13*$J$3, -3) -> 122982000
A14: 北一區 | B14: 109 | C14: 西門分行 | D14: 9870000 | E14: 22710000 | F14: 2933000 | G14: 2069000 | H14: 398000 | I14: =SUM(D14:H14) -> 37980000 | J14: =ROUND(I14*$J$3, -3) -> 36491000
A15: 北一區 | B15: 110 | C15: 南松山分行 | D15: 15460000 | E15: 35570000 | F15: 4588000 | G15: 3238000 | H15: 624000 | I15: =SUM(D15:H15) -> 59480000 | J15: =ROUND(I15*$J$3, -3) -> 57148000
A16: 北一區 | B16: 111 | C16: 仁愛路分行 | D16: 26470000 | E16: 60900000 | F16: 8081000 | G16: 5321000 | H16: 1068000 | I16: =SUM(D16:H16) -> 101840000 | J16: =ROUND(I16*$J$3, -3) -> 97848000
A17: 北一區 | B17: 112 | C17: 南京東路分行 | D17: 17670000 | E17: 40640000 | F17: 3850000 | G17: 5097000 | H17: 713000 | I17: =SUM(D17:H17) -> 67970000 | J17: =ROUND(I17*$J$3, -3) -> 65306000
... A190: 北一區 | B190: 888 | C190: 營運總部分行 | D190: 4470000 | E190: 10280000 | F190: 865000 | G190: 1405000 | H190: 180000 | I190: =SUM(D190:H190) -> 17200000 | J190: =ROUND(I190*$J$3, -3) -> 16526000
A191: 北一區 | C191: 合計 | D191: =SUMIF($A$6:$A$190,$A191,$D$6:$D$190) -> 773100000 | E191: =SUMIF($A$6:$A$190,$A191,$E$6:$E$190) -> 1778330000 | F191: =SUMIF($A$6:$A$190,$A191,$F$6:$F$190) -> 222412000 | G191: =SUMIF($A$6:$A$190,$A191,$G$6:$G$190) -> 168940000 | H191: =SUMIF($A$6:$A$190,$A191,$H$6:$H$190) -> 31198000 | I191: =SUM(D191:H191) -> 2973980000 | J191: =SUMIF($A$6:$A$190,$A191,$J$6:$J$190) -> 2857400000
A192: 北二區 | C192: 合計 | D192: =SUMIF($A$6:$A$190,$A192,$D$6:$D$190) -> 631440000 | E192: =SUMIF($A$6:$A$190,$A192,$E$6:$E$190) -> 1452500000 | F192: =SUMIF($A$6:$A$190,$A192,$F$6:$F$190) -> 189203000 | G192: =SUMIF($A$6:$A$190,$A192,$G$6:$G$190) -> 130507000 | H192: =SUMIF($A$6:$A$190,$A192,$H$6:$H$190) -> 25480000 | I192: =SUM(D192:H192) -> 2429130000 | J192: =SUMIF($A$6:$A$190,$A192,$J$6:$J$190) -> 2333907000
A193: 北三區 | C193: 合計 | D193: =SUMIF($A$6:$A$190,$A193,$D$6:$D$190) -> 498770000 | E193: =SUMIF($A$6:$A$190,$A193,$E$6:$E$190) -> 1147340000 | F193: =SUMIF($A$6:$A$190,$A193,$F$6:$F$190) -> 147109000 | G193: =SUMIF($A$6:$A$190,$A193,$G$6:$G$190) -> 105365000 | H193: =SUMIF($A$6:$A$190,$A193,$H$6:$H$190) -> 20126000 | I193: =SUM(D193:H193) -> 1918710000 | J193: =SUMIF($A$6:$A$190,$A193,$J$6:$J$190) -> 1843493000
A194: 中區 | C194: 合計 | D194: =SUMIF($A$6:$A$190,$A194,$D$6:$D$190) -> 570960000 | E194: =SUMIF($A$6:$A$190,$A194,$E$6:$E$190) -> 1313420000 | F194: =SUMIF($A$6:$A$190,$A194,$F$6:$F$190) -> 171582000 | G194: =SUMIF($A$6:$A$190,$A194,$G$6:$G$190) -> 117430000 | H194: =SUMIF($A$6:$A$190,$A194,$H$6:$H$190) -> 23038000 | I194: =SUM(D194:H194) -> 2196430000 | J194: =SUMIF($A$6:$A$190,$A194,$J$6:$J$190) -> 2110329000
A195: 南區 | C195: 合計 | D195: =SUMIF($A$6:$A$190,$A195,$D$6:$D$190) -> 593150000 | E195: =SUMIF($A$6:$A$190,$A195,$E$6:$E$190) -> 1364400000 | F195: =SUMIF($A$6:$A$190,$A195,$F$6:$F$190) -> 175495000 | G195: =SUMIF($A$6:$A$190,$A195,$G$6:$G$190) -> 124772000 | H195: =SUMIF($A$6:$A$190,$A195,$H$6:$H$190) -> 23933000 | I195: =SUM(D195:H195) -> 2281750000 | J195: =SUMIF($A$6:$A$190,$A195,$J$6:$J$190) -> 2192308000
A196: 總計 | D196: =SUM(D191:D195) -> 3067420000 | E196: =SUM(E191:E195) -> 7055990000 | F196: =SUM(F191:F195) -> 905801000 | G196: =SUM(G191:G195) -> 647014000 | H196: =SUM(H191:H195) -> 123775000 | I196: =SUM(I191:I195) -> 11800000000 | J196: =SUM(J191:J195) -> 11337437000
D197: =D196/$I$196 -> 0.25995085 | E197: =E196/$I$196 -> 0.59796525 | F197: =F196/$I$196 -> 0.076762797 | G197: =G196/$I$196 -> 0.054831695 | H197: =H196/$I$196 -> 0.010489407 | I197: 1
D198: 0.952 | E198: 0.9785 | F198: 0.9745 | G198: 0.9745 | H198: 0 | I198: =D197*D198+E197*E198+F197*F198+G197*G198+H197*H198 -> 0.96082104
C199: 年度 | D199: 109 | E199: 110 | F199: 111 | G199: 112 | H199: 113 | I199: 114
C200: 盈餘轉換率 | D200: 0.9348 | E200: 0.9462 | F200: 0.9503 | G200: 0.9512 | H200: 0.9587 | I200: 0.9608
B201: =(特定金錢信託佔率30.36%*XX年特定金錢信託平均補息率X%)+(人身保險佔率55.43%*補息率97.85%)+(外國債券佔率6.87%*補息率97.45%)+(財產信託佔率6.17%*補息率97.45%)

Sheet 115分組
A1: 分行代號 | B1: 分行名稱 | C1: 新組別 | D1: 115年組別 | E1: 參數 | F1: 組別目標 | I1: =ROUND(K1/P11/AVERAGE(I3:I10), 0)-9970 -> 109101 | K1: ='116年參數表'!C22 -> 21790000
A2: 100 | B2: 營業部 | C2: 第1組 | D2: 1 | E2: =VLOOKUP(D2,H:I,2,0) -> 1.7 | F2: =VLOOKUP(D2,H:K,4,0) -> 190000 | H2: 115年組別 | I2: 權重 | J2: 目標分配數 | K2: 目標分配數 | O2: 列標籤 | P2: 計數 - 分行代號
A3: 101 | B3: 儲蓄分行 | C3: 第3組 | D3: 3 | E3: =VLOOKUP(D3,H:I,2,0) -> 1.3 | F3: =VLOOKUP(D3,H:K,4,0) -> 150000 | H3: 1 | I3: 1.7 | J3: =_xlfn.CONCAT(K3/10000, "萬元") -> 19萬元 | K3: =ROUNDUP($I$1*I3, -4) -> 190000 | L3: =VLOOKUP(H3,O:P,2,0) -> 23 | M3: =K3*L3 -> 4370000 | O3: 1 | P3: 23
A4: 103 | B4: 城內分行 | C4: 第3組 | D4: 3 | E4: =VLOOKUP(D4,H:I,2,0) -> 1.3 | F4: =VLOOKUP(D4,H:K,4,0) -> 150000 | H4: 2 | I4: 1.5 | J4: =_xlfn.CONCAT(K4/10000, "萬元") -> 17萬元 | K4: =ROUNDUP($I$1*I4, -4) -> 170000 | L4: =VLOOKUP(H4,O:P,2,0) -> 23 | M4: =K4*L4 -> 3910000 | O4: 2 | P4: 23
A5: 104 | B5: 大稻埕分行 | C5: 第2組 | D5: 2 | E5: =VLOOKUP(D5,H:I,2,0) -> 1.5 | F5: =VLOOKUP(D5,H:K,4,0) -> 170000 | H5: 3 | I5: 1.3 | J5: =_xlfn.CONCAT(K5/10000, "萬元") -> 15萬元 | K5: =ROUNDUP($I$1*I5, -4) -> 150000 | L5: =VLOOKUP(H5,O:P,2,0) -> 23 | M5: =K5*L5 -> 3450000 | O5: 3 | P5: 23
A6: 105 | B6: 建成分行 | C6: 第1組 | D6: 1 | E6: =VLOOKUP(D6,H:I,2,0) -> 1.7 | F6: =VLOOKUP(D6,H:K,4,0) -> 190000 | H6: 4 | I6: 1.1 | J6: =_xlfn.CONCAT(K6/10000, "萬元") -> 13萬元 | K6: =ROUNDUP($I$1*I6, -4) -> 130000 | L6: =VLOOKUP(H6,O:P,2,0) -> 23 | M6: =K6*L6 -> 2990000 | O6: 4 | P6: 23
A7: 106 | B7: 中山分行 | C7: 第1組 | D7: 1 | E7: =VLOOKUP(D7,H:I,2,0) -> 1.7 | F7: =VLOOKUP(D7,H:K,4,0) -> 190000 | H7: 5 | I7: 0.9 | J7: =_xlfn.CONCAT(K7/10000, "萬元") -> 10萬元 | K7: =ROUNDUP($I$1*I7, -4) -> 100000 | L7: =VLOOKUP(H7,O:P,2,0) -> 23 | M7: =K7*L7 -> 2300000 | O7: 5 | P7: 23
A8: 107 | B8: 圓山分行 | C8: 第1組 | D8: 1 | E8: =VLOOKUP(D8,H:I,2,0) -> 1.7 | F8: =VLOOKUP(D8,H:K,4,0) -> 190000 | H8: 6 | I8: 0.7 | J8: =_xlfn.CONCAT(K8/10000, "萬元") -> 8萬元 | K8: =ROUNDUP($I$1*I8, -4) -> 80000 | L8: =VLOOKUP(H8,O:P,2,0) -> 23 | M8: =K8*L8 -> 1840000 | O8: 6 | P8: 23
A9: 108 | B9: 城東分行 | C9: 第1組 | D9: 1 | E9: =VLOOKUP(D9,H:I,2,0) -> 1.7 | F9: =VLOOKUP(D9,H:K,4,0) -> 190000 | H9: 7 | I9: 0.5 | J9: =_xlfn.CONCAT(K9/10000, "萬元") -> 6萬元 | K9: =ROUNDUP($I$1*I9, -4) -> 60000 | L9: =VLOOKUP(H9,O:P,2,0) -> 23 | M9: =K9*L9 -> 1380000 | O9: 7 | P9: 23
A10: 109 | B10: 西門分行 | C10: 第4組 | D10: 4 | E10: =VLOOKUP(D10,H:I,2,0) -> 1.1 | F10: =VLOOKUP(D10,H:K,4,0) -> 130000 | H10: 8 | I10: 0.3 | J10: =_xlfn.CONCAT(K10/10000, "萬元") -> 4萬元 | K10: =ROUNDUP($I$1*I10, -4) -> 40000 | L10: =VLOOKUP(H10,O:P,2,0) -> 22 | M10: =K10*L10 -> 880000 | O10: 8 | P10: 22
A11: 110 | B11: 南松山分行 | C11: 第5組 | D11: 5 | E11: =VLOOKUP(D11,H:I,2,0) -> 0.9 | F11: =VLOOKUP(D11,H:K,4,0) -> 100000 | K11: =SUM(K3:K10) -> 920000 | L11: =SUM(L3:L10) -> 183 | M11: =SUM(M3:M10) -> 21120000 | O11: 總計 | P11: 183
A12: 111 | B12: 仁愛路分行 | C12: 第1組 | D12: 1 | E12: =VLOOKUP(D12,H:I,2,0) -> 1.7 | F12: =VLOOKUP(D12,H:K,4,0) -> 190000 | M12: =K1-M11 -> 670000
A13: 112 | B13: 南京東路分行 | C13: 第1組 | D13: 1 | E13: =VLOOKUP(D13,H:I,2,0) -> 1.7 | F13: =VLOOKUP(D13,H:K,4,0) -> 190000
A14: 113 | B14: 新生分行 | C14: 第2組 | D14: 2 | E14: =VLOOKUP(D14,H:I,2,0) -> 1.5 | F14: =VLOOKUP(D14,H:K,4,0) -> 170000
A15: 114 | B15: 大同分行 | C15: 第3組 | D15: 3 | E15: =VLOOKUP(D15,H:I,2,0) -> 1.3 | F15: =VLOOKUP(D15,H:K,4,0) -> 150000
A16: 115 | B16: 松山分行 | C16: 第3組 | D16: 3 | E16: =VLOOKUP(D16,H:I,2,0) -> 1.3 | F16: =VLOOKUP(D16,H:K,4,0) -> 150000
A17: 116 | B17: 中崙分行 | C17: 第2組 | D17: 2 | E17: =VLOOKUP(D17,H:I,2,0) -> 1.5 | F17: =VLOOKUP(D17,H:K,4,0) -> 170000
A18: 117 | B18: 台北南門分行 | C18: 第1組 | D18: 1 | E18: =VLOOKUP(D18,H:I,2,0) -> 1.7 | F18: =VLOOKUP(D18,H:K,4,0) -> 190000
A19: 118 | B19: 公館分行 | C19: 第2組 | D19: 2 | E19: =VLOOKUP(D19,H:I,2,0) -> 1.5 | F19: =VLOOKUP(D19,H:K,4,0) -> 170000
A20: 119 | B20: 信義分行 | C20: 第5組 | D20: 5 | E20: =VLOOKUP(D20,H:I,2,0) -> 0.9 | F20: =VLOOKUP(D20,H:K,4,0) -> 100000
A21: 120 | B21: 忠孝東路分行 | C21: 第1組 | D21: 1 | E21: =VLOOKUP(D21,H:I,2,0) -> 1.7 | F21: =VLOOKUP(D21,H:K,4,0) -> 190000
A22: 121 | B22: 和平分行 | C22: 第3組 | D22: 3 | E22: =VLOOKUP(D22,H:I,2,0) -> 1.3 | F22: =VLOOKUP(D22,H:K,4,0) -> 150000
A23: 122 | B23: 雙園分行 | C23: 第3組 | D23: 3 | E23: =VLOOKUP(D23,H:I,2,0) -> 1.3 | F23: =VLOOKUP(D23,H:K,4,0) -> 150000
A24: 123 | B24: 士林分行 | C24: 第1組 | D24: 1 | E24: =VLOOKUP(D24,H:I,2,0) -> 1.7 | F24: =VLOOKUP(D24,H:K,4,0) -> 190000
... A189: 813 | B189: 佳冬分行 | C189: 第8組 | D189: 8 | E189: =VLOOKUP(D189,H:I,2,0) -> 0.3 | F189: =VLOOKUP(D189,H:K,4,0) -> 40000

Sheet 財管手收比較表_重點
A1: 116年度營業單位財富管理業務手續費收入目標訂定對照表 - 160億元版本重點呈報
P2: 單位:新臺幣元/%
A3: 類型 | B3: 序號 | C3: 通路中心 | D3: 單位代號 | E3: 單位名稱 | F3: 115年 年化達成率 | G3: 116年成長目標 原規則 計算公式 | H3: 116年成長目標 原規則 目標數(85%) | I3: 116年成長目標 調整規則 計算公式 | J3: 116年成長目標 調整規則 目標數(85%) | K3: 116年成長目標 調整規則 目標差異數 | L3: 116年綜合指標 目標數 (15%) | M3: 116年 目標 | N3: 115年 年中調整後目標 | O3: 115年 年化實績 | P3: 116年目標 較115年實績 成長率 | Q3: 116年目標 較115年目標 成長率 | R3: 115年 客群經營目標
F4: (A) | G4: (B) | H4: (C) | I4: (D) | J4: (E) | K4: (F)=(E-C) | L4: (G) | M4: (H)=(E+G) | N4: (I) | O4: (J) | P4: (K)=(H/J)-1 | Q4: (L)=(H/I)-1 | R4: (L)=(FX55%)
A5: 116年 目標 較115年 目標 成長率 排名 前20名 | B5: 159 | C5: =VLOOKUP(B5, '116目標底稿ver1'!B:AC, 2, 0) -> 南區 | D5: =VLOOKUP(B5, '116目標底稿ver1'!B:AC, 3, 0) -> 702 | E5: =VLOOKUP(B5, '116目標底稿ver1'!B:AC, 4, 0) -> 新興分行 | F5: =VLOOKUP(B5, '116目標底稿ver1'!B:AC, 9, 0) -> 2.14 | G5: =VLOOKUP(B5, '116目標底稿ver1'!B:AC, 12, 0) -> 預估實績*70% | H5: =VLOOKUP(B5, '116目標底稿ver1'!B:AC, 13, 0) -> 102680000 | I5: =VLOOKUP(B5, '116目標底稿ver1'!B:AC, 15, 0) -> 分行目標*120%*101% | J5: =VLOOKUP(B5, '116目標底稿ver1'!B:AC, 16, 0) -> 82890000 | K5: =VLOOKUP(B5, '116目標底稿ver1'!B:AC, 17, 0) -> -19790000 | L5: =VLOOKUP(B5, '116目標底稿ver1'!B:AC, 24, 0) -> 1700000 | M5: =J5+L5 -> 84590000 | N5: =VLOOKUP(B5, '116目標底稿ver1'!B:AC, 8, 0) -> 68390000 | O5: =VLOOKUP(B5, '116目標底稿ver1'!B:AC, 6, 0) -> 146683171 | P5: =M5/O5-1 -> -0.42331489 | Q5: =M5/N5-1 -> 0.23687674 | R5: =VLOOKUP(B5, '116目標底稿ver1'!B:AC, 28, 0) -> 46524500
B6: 67 | C6: =VLOOKUP(B6, '116目標底稿ver1'!B:AC, 2, 0) -> 北一區 | D6: =VLOOKUP(B6, '116目標底稿ver1'!B:AC, 3, 0) -> 178 | E6: =VLOOKUP(B6, '116目標底稿ver1'!B:AC, 4, 0) -> 北投分行 | F6: =VLOOKUP(B6, '116目標底稿ver1'!B:AC, 9, 0) -> 1.91 | G6: =VLOOKUP(B6, '116目標底稿ver1'!B:AC, 12, 0) -> 預估實績*80% | H6: =VLOOKUP(B6, '116目標底稿ver1'!B:AC, 13, 0) -> 105220000 | I6: =VLOOKUP(B6, '116目標底稿ver1'!B:AC, 15, 0) -> 分行目標*120%*101% | J6: =VLOOKUP(B6, '116目標底稿ver1'!B:AC, 16, 0) -> 83430000 | K6: =VLOOKUP(B6, '116目標底稿ver1'!B:AC, 17, 0) -> -21790000 | L6: =VLOOKUP(B6, '116目標底稿ver1'!B:AC, 24, 0) -> 2800000 | M6: =J6+L6 -> 86230000 | N6: =VLOOKUP(B6, '116目標底稿ver1'!B:AC, 8, 0) -> 68840000 | O6: =VLOOKUP(B6, '116目標底稿ver1'!B:AC, 6, 0) -> 131519728 | P6: =M6/O6-1 -> -0.34435692 | Q6: =M6/N6-1 -> 0.25261476 | R6: =VLOOKUP(B6, '116目標底稿ver1'!B:AC, 28, 0) -> 47426500
B7: 106 | C7: =VLOOKUP(B7, '116目標底稿ver1'!B:AC, 2, 0) -> 北三區 | D7: =VLOOKUP(B7, '116目標底稿ver1'!B:AC, 3, 0) -> 268 | E7: =VLOOKUP(B7, '116目標底稿ver1'!B:AC, 4, 0) -> 青埔分行 | F7: =VLOOKUP(B7, '116目標底稿ver1'!B:AC, 9, 0) -> 1.82 | G7: =VLOOKUP(B7, '116目標底稿ver1'!B:AC, 12, 0) -> 預估實績*80% | H7: =VLOOKUP(B7, '116目標底稿ver1'!B:AC, 13, 0) -> 30470000 | I7: =VLOOKUP(B7, '116目標底稿ver1'!B:AC, 15, 0) -> 分行目標*120%*101% | J7: =VLOOKUP(B7, '116目標底稿ver1'!B:AC, 16, 0) -> 25430000 | K7: =VLOOKUP(B7, '116目標底稿ver1'!B:AC, 17, 0) -> -5040000 | L7: =VLOOKUP(B7, '116目標底稿ver1'!B:AC, 24, 0) -> 670000 | M7: =J7+L7 -> 26100000 | N7: =VLOOKUP(B7, '116目標底稿ver1'!B:AC, 8, 0) -> 20980000 | O7: =VLOOKUP(B7, '116目標底稿ver1'!B:AC, 6, 0) -> 38092596 | P7: =M7/O7-1 -> -0.31482748 | Q7: =M7/N7-1 -> 0.24404194 | R7: =VLOOKUP(B7, '116目標底稿ver1'!B:AC, 28, 0) -> 14355000
B8: 155 | C8: =VLOOKUP(B8, '116目標底稿ver1'!B:AC, 2, 0) -> 南區 | D8: =VLOOKUP(B8, '116目標底稿ver1'!B:AC, 3, 0) -> 648 | E8: =VLOOKUP(B8, '116目標底稿ver1'!B:AC, 4, 0) -> 新市分行 | F8: =VLOOKUP(B8, '116目標底稿ver1'!B:AC, 9, 0) -> 1.34 | G8: =VLOOKUP(B8, '116目標底稿ver1'!B:AC, 12, 0) -> 預估實績*90% | H8: =VLOOKUP(B8, '116目標底稿ver1'!B:AC, 13, 0) -> 59810000 | I8: =VLOOKUP(B8, '116目標底稿ver1'!B:AC, 15, 0) -> 分行目標*120%*101% | J8: =VLOOKUP(B8, '116目標底稿ver1'!B:AC, 16, 0) -> 60310000 | K8: =VLOOKUP(B8, '116目標底稿ver1'!B:AC, 17, 0) -> 500000 | L8: =VLOOKUP(B8, '116目標底稿ver1'!B:AC, 24, 0) -> 1970000 | M8: =J8+L8 -> 62280000 | N8: =VLOOKUP(B8, '116目標底稿ver1'!B:AC, 8, 0) -> 49760000 | O8: =VLOOKUP(B8, '116目標底稿ver1'!B:AC, 6, 0) -> 66452314 | P8: =M8/O8-1 -> -0.062786587 | Q8: =M8/N8-1 -> 0.25160772 | R8: =VLOOKUP(B8, '116目標底稿ver1'!B:AC, 28, 0) -> 34254000
B9: 4 | C9: =VLOOKUP(B9, '116目標底稿ver1'!B:AC, 2, 0) -> 北一區 | D9: =VLOOKUP(B9, '116目標底稿ver1'!B:AC, 3, 0) -> 104 | E9: =VLOOKUP(B9, '116目標底稿ver1'!B:AC, 4, 0) -> 大稻埕分行 | F9: =VLOOKUP(B9, '116目標底稿ver1'!B:AC, 9, 0) -> 1.33 | G9: =VLOOKUP(B9, '116目標底稿ver1'!B:AC, 12, 0) -> 預估實績*90% | H9: =VLOOKUP(B9, '116目標底稿ver1'!B:AC, 13, 0) -> 90480000 | I9: =VLOOKUP(B9, '116目標底稿ver1'!B:AC, 15, 0) -> 分行目標*120%*101% | J9: =VLOOKUP(B9, '116目標底稿ver1'!B:AC, 16, 0) -> 91680000 | K9: =VLOOKUP(B9, '116目標底稿ver1'!B:AC, 17, 0) -> 1200000 | L9: =VLOOKUP(B9, '116目標底稿ver1'!B:AC, 24, 0) -> 2820000 | M9: =J9+L9 -> 94500000 | N9: =VLOOKUP(B9, '116目標底稿ver1'!B:AC, 8, 0) -> 75640000 | O9: =VLOOKUP(B9, '116目標底稿ver1'!B:AC, 6, 0) -> 100530724 | P9: =M9/O9-1 -> -0.059988865 | Q9: =M9/N9-1 -> 0.24933897 | R9: =VLOOKUP(B9, '116目標底稿ver1'!B:AC, 28, 0) -> 51975000
B10: 135 | C10: =VLOOKUP(B10, '116目標底稿ver1'!B:AC, 2, 0) -> 中區 | D10: =VLOOKUP(B10, '116目標底稿ver1'!B:AC, 3, 0) -> 521 | E10: =VLOOKUP(B10, '116目標底稿ver1'!B:AC, 4, 0) -> 和美分行 | F10: =VLOOKUP(B10, '116目標底稿ver1'!B:AC, 9, 0) -> 1.31 | G10: =VLOOKUP(B10, '116目標底稿ver1'!B:AC, 12, 0) -> 預估實績*90% | H10: =VLOOKUP(B10, '116目標底稿ver1'!B:AC, 13, 0) -> 139650000 | I10: =VLOOKUP(B10, '116目標底稿ver1'!B:AC, 15, 0) -> 分行目標*120%*101% | J10: =VLOOKUP(B10, '116目標底稿ver1'!B:AC, 16, 0) -> 143040000 | K10: =VLOOKUP(B10, '116目標底稿ver1'!B:AC, 17, 0) -> 3390000 | L10: =VLOOKUP(B10, '116目標底稿ver1'!B:AC, 24, 0) -> 4720000 | M10: =J10+L10 -> 147760000 | N10: =VLOOKUP(B10, '116目標底稿ver1'!B:AC, 8, 0) -> 118020000 | O10: =VLOOKUP(B10, '116目標底稿ver1'!B:AC, 6, 0) -> 155168611 | P10: =M10/O10-1 -> -0.047745552 | Q10: =M10/N10-1 -> 0.25199119 | R10: =VLOOKUP(B10, '116目標底稿ver1'!B:AC, 28, 0) -> 81268000
B11: 75 | C11: =VLOOKUP(B11, '116目標底稿ver1'!B:AC, 2, 0) -> 北二區 | D11: =VLOOKUP(B11, '116目標底稿ver1'!B:AC, 3, 0) -> 187 | E11: =VLOOKUP(B11, '116目標底稿ver1'!B:AC, 4, 0) -> 北新分行 | F11: =VLOOKUP(B11, '116目標底稿ver1'!B:AC, 9, 0) -> 1.33 | G11: =VLOOKUP(B11, '116目標底稿ver1'!B:AC, 12, 0) -> 預估實績*90% | H11: =VLOOKUP(B11, '116目標底稿ver1'!B:AC, 13, 0) -> 68770000 | I11: =VLOOKUP(B11, '116目標底稿ver1'!B:AC, 15, 0) -> 分行目標*120%*101% | J11: =VLOOKUP(B11, '116目標底稿ver1'!B:AC, 16, 0) -> 69440000 | K11: =VLOOKUP(B11, '116目標底稿ver1'!B:AC, 17, 0) -> 670000 | L11: =VLOOKUP(B11, '116目標底稿ver1'!B:AC, 24, 0) -> 2070000 | M11: =J11+L11 -> 71510000 | N11: =VLOOKUP(B11, '116目標底稿ver1'!B:AC, 8, 0) -> 57290000 | O11: =VLOOKUP(B11, '116目標底稿ver1'!B:AC, 6, 0) -> 76406208 | P11: =M11/O11-1 -> -0.064081285 | Q11: =M11/N11-1 -> 0.24821086 | R11: =VLOOKUP(B11, '116目標底稿ver1'!B:AC, 28, 0) -> 39330500
B12: 44 | C12: =VLOOKUP(B12, '116目標底稿ver1'!B:AC, 2, 0) -> 北一區 | D12: =VLOOKUP(B12, '116目標底稿ver1'!B:AC, 3, 0) -> 154 | E12: =VLOOKUP(B12, '116目標底稿ver1'!B:AC, 4, 0) -> 台大分行 | F12: =VLOOKUP(B12, '116目標底稿ver1'!B:AC, 9, 0) -> 1.3 | G12: =VLOOKUP(B12, '116目標底稿ver1'!B:AC, 12, 0) -> 預估實績*90% | H12: =VLOOKUP(B12, '116目標底稿ver1'!B:AC, 13, 0) -> 44720000 | I12: =VLOOKUP(B12, '116目標底稿ver1'!B:AC, 15, 0) -> 分行目標*120%*101% | J12: =VLOOKUP(B12, '116目標底稿ver1'!B:AC, 16, 0) -> 46420000 | K12: =VLOOKUP(B12, '116目標底稿ver1'!B:AC, 17, 0) -> 1700000 | L12: =VLOOKUP(B12, '116目標底稿ver1'!B:AC, 24, 0) -> 1590000 | M12: =J12+L12 -> 48010000 | N12: =VLOOKUP(B12, '116目標底稿ver1'!B:AC, 8, 0) -> 38300000 | O12: =VLOOKUP(B12, '116目標底稿ver1'!B:AC, 6, 0) -> 49686844 | P12: =M12/O12-1 -> -0.033748249 | Q12: =M12/N12-1 -> 0.2535248 | R12: =VLOOKUP(B12, '116目標底稿ver1'!B:AC, 28, 0) -> 26405500
B13: 96 | C13: =VLOOKUP(B13, '116目標底稿ver1'!B:AC, 2, 0) -> 北三區 | D13: =VLOOKUP(B13, '116目標底稿ver1'!B:AC, 3, 0) -> 245 | E13: =VLOOKUP(B13, '116目標底稿ver1'!B:AC, 4, 0) -> 南崁分行 | F13: =VLOOKUP(B13, '116目標底稿ver1'!B:AC, 9, 0) -> 1.3 | G13: =VLOOKUP(B13, '116目標底稿ver1'!B:AC, 12, 0) -> 預估實績*90% | H13: =VLOOKUP(B13, '116目標底稿ver1'!B:AC, 13, 0) -> 62930000 | I13: =VLOOKUP(B13, '116目標底稿ver1'!B:AC, 15, 0) -> 分行目標*120%*101% | J13: =VLOOKUP(B13, '116目標底稿ver1'!B:AC, 16, 0) -> 65210000 | K13: =VLOOKUP(B13, '116目標底稿ver1'!B:AC, 17, 0) -> 2280000 | L13: =VLOOKUP(B13, '116目標底稿ver1'!B:AC, 24, 0) -> 2120000 | M13: =J13+L13 -> 67330000 | N13: =VLOOKUP(B13, '116目標底稿ver1'!B:AC, 8, 0) -> 53800000 | O13: =VLOOKUP(B13, '116目標底稿ver1'!B:AC, 6, 0) -> 69926506 | P13: =M13/O13-1 -> -0.037131928 | Q13: =M13/N13-1 -> 0.25148699 | R13: =VLOOKUP(B13, '116目標底稿ver1'!B:AC, 28, 0) -> 37031500
B14: 122 | C14: =VLOOKUP(B14, '116目標底稿ver1'!B:AC, 2, 0) -> 中區 | D14: =VLOOKUP(B14, '116目標底稿ver1'!B:AC, 3, 0) -> 422 | E14: =VLOOKUP(B14, '116目標底稿ver1'!B:AC, 4, 0) -> 南台中分行 | F14: =VLOOKUP(B14, '116目標底稿ver1'!B:AC, 9, 0) -> 1.63 | G14: =VLOOKUP(B14, '116目標底稿ver1'!B:AC, 12, 0) -> 預估實績*80% | H14: =VLOOKUP(B14, '116目標底稿ver1'!B:AC, 13, 0) -> 106980000 | I14: =VLOOKUP(B14, '116目標底稿ver1'!B:AC, 15, 0) -> 分行目標*120%*101% | J14: =VLOOKUP(B14, '116目標底稿ver1'!B:AC, 16, 0) -> 99250000 | K14: =VLOOKUP(B14, '116目標底稿ver1'!B:AC, 17, 0) -> -7730000 | L14: =VLOOKUP(B14, '116目標底稿ver1'!B:AC, 24, 0) -> 2570000 | M14: =J14+L14 -> 101820000 | N14: =VLOOKUP(B14, '116目標底稿ver1'!B:AC, 8, 0) -> 81890000 | O14: =VLOOKUP(B14, '116目標底稿ver1'!B:AC, 6, 0) -> 133722552 | P14: =M14/O14-1 -> -0.23857271 | Q14: =M14/N14-1 -> 0.24337526 | R14: =VLOOKUP(B14, '116目標底稿ver1'!B:AC, 28, 0) -> 56001000
B15: 35 | C15: =VLOOKUP(B15, '116目標底稿ver1'!B:AC, 2, 0) -> 北二區 | D15: =VLOOKUP(B15, '116目標底稿ver1'!B:AC, 3, 0) -> 137 | E15: =VLOOKUP(B15, '116目標底稿ver1'!B:AC, 4, 0) -> 北南港分行 | F15: =VLOOKUP(B15, '116目標底稿ver1'!B:AC, 9, 0) -> 1.3 | G15: =VLOOKUP(B15, '116目標底稿ver1'!B:AC, 12, 0) -> 預估實績*90% | H15: =VLOOKUP(B15, '116目標底稿ver1'!B:AC, 13, 0) -> 54900000 | I15: =VLOOKUP(B15, '116目標底稿ver1'!B:AC, 15, 0) -> 分行目標*120%*101% | J15: =VLOOKUP(B15, '116目標底稿ver1'!B:AC, 16, 0) -> 57060000 | K15: =VLOOKUP(B15, '116目標底稿ver1'!B:AC, 17, 0) -> 2160000 | L15: =VLOOKUP(B15, '116目標底稿ver1'!B:AC, 24, 0) -> 1780000 | M15: =J15+L15 -> 58840000 | N15: =VLOOKUP(B15, '116目標底稿ver1'!B:AC, 8, 0) -> 47080000 | O15: =VLOOKUP(B15, '116目標底稿ver1'!B:AC, 6, 0) -> 61003844 | P15: =M15/O15-1 -> -0.035470617 | Q15: =M15/N15-1 -> 0.2497876 | R15: =VLOOKUP(B15, '116目標底稿ver1'!B:AC, 28, 0) -> 32362000
B16: 51 | C16: =VLOOKUP(B16, '116目標底稿ver1'!B:AC, 2, 0) -> 北二區 | D16: =VLOOKUP(B16, '116目標底稿ver1'!B:AC, 3, 0) -> 162 | E16: =VLOOKUP(B16, '116目標底稿ver1'!B:AC, 4, 0) -> 北三重分行 | F16: =VLOOKUP(B16, '116目標底稿ver1'!B:AC, 9, 0) -> 1.6 | G16: =VLOOKUP(B16, '116目標底稿ver1'!B:AC, 12, 0) -> 預估實績*80% | H16: =VLOOKUP(B16, '116目標底稿ver1'!B:AC, 13, 0) -> 142490000 | I16: =VLOOKUP(B16, '116目標底稿ver1'!B:AC, 15, 0) -> 分行目標*120%*101% | J16: =VLOOKUP(B16, '116目標底稿ver1'!B:AC, 16, 0) -> 134840000 | K16: =VLOOKUP(B16, '116目標底稿ver1'!B:AC, 17, 0) -> -7650000 | L16: =VLOOKUP(B16, '116目標底稿ver1'!B:AC, 24, 0) -> 3820000 | M16: =J16+L16 -> 138660000 | N16: =VLOOKUP(B16, '116目標底稿ver1'!B:AC, 8, 0) -> 111250000 | O16: =VLOOKUP(B16, '116目標底稿ver1'!B:AC, 6, 0) -> 178110527 | P16: =M16/O16-1 -> -0.22149464 | Q16: =M16/N16-1 -> 0.24638202 | R16: =VLOOKUP(B16, '116目標底稿ver1'!B:AC, 28, 0) -> 76263000
B17: 43 | C17: =VLOOKUP(B17, '116目標底稿ver1'!B:AC, 2, 0) -> 北一區 | D17: =VLOOKUP(B17, '116目標底稿ver1'!B:AC, 3, 0) -> 153 | E17: =VLOOKUP(B17, '116目標底稿ver1'!B:AC, 4, 0) -> 瑞祥分行 | F17: =VLOOKUP(B17, '116目標底稿ver1'!B:AC, 9, 0) -> 1.3 | G17: =VLOOKUP(B17, '116目標底稿ver1'!B:AC, 12, 0) -> 預估實績*90% | H17: =VLOOKUP(B17, '116目標底稿ver1'!B:AC, 13, 0) -> 82160000 | I17: =VLOOKUP(B17, '116目標底稿ver1'!B:AC, 15, 0) -> 分行目標*120%*101% | J17: =VLOOKUP(B17, '116目標底稿ver1'!B:AC, 16, 0) -> 85250000 | K17: =VLOOKUP(B17, '116目標底稿ver1'!B:AC, 17, 0) -> 3090000 | L17: =VLOOKUP(B17, '116目標底稿ver1'!B:AC, 24, 0) -> 2530000 | M17: =J17+L17 -> 87780000 | N17: =VLOOKUP(B17, '116目標底稿ver1'!B:AC, 8, 0) -> 70340000 | O17: =VLOOKUP(B17, '116目標底稿ver1'!B:AC, 6, 0) -> 91287215 | P17: =M17/O17-1 -> -0.038419564 | Q17: =M17/N17-1 -> 0.24793858 | R17: =VLOOKUP(B17, '116目標底稿ver1'!B:AC, 28, 0) -> 48279000
... B24: 158 | C24: =VLOOKUP(B24, '116目標底稿ver1'!B:AC, 2, 0) -> 南區 | D24: =VLOOKUP(B24, '116目標底稿ver1'!B:AC, 3, 0) -> 701 | E24: =VLOOKUP(B24, '116目標底稿ver1'!B:AC, 4, 0) -> 東苓分行 | F24: =VLOOKUP(B24, '116目標底稿ver1'!B:AC, 9, 0) -> 1.23 | G24: =VLOOKUP(B24, '116目標底稿ver1'!B:AC, 12, 0) -> 預估實績*101% | H24: =VLOOKUP(B24, '116目標底稿ver1'!B:AC, 13, 0) -> 58060000 | I24: =VLOOKUP(B24, '116目標底稿ver1'!B:AC, 15, 0) -> 分行目標*120%*101% | J24: =VLOOKUP(B24, '116目標底稿ver1'!B:AC, 16, 0) -> 56520000 | K24: =VLOOKUP(B24, '116目標底稿ver1'!B:AC, 17, 0) -> -1540000 | L24: =VLOOKUP(B24, '116目標底稿ver1'!B:AC, 24, 0) -> 1890000 | M24: =J24+L24 -> 58410000 | N24: =VLOOKUP(B24, '116目標底稿ver1'!B:AC, 8, 0) -> 46630000 | O24: =VLOOKUP(B24, '116目標底稿ver1'!B:AC, 6, 0) -> 57485302 | P24: =M24/O24-1 -> 0.016085816 | Q24: =M24/N24-1 -> 0.25262706 | R24: =VLOOKUP(B24, '116目標底稿ver1'!B:AC, 28, 0) -> 32125500
A25: 116年 目標 較115年 實績 成長率 排名 前20名 | B25: 5 | C25: =VLOOKUP(B25, '116目標底稿ver1'!B:AC, 2, 0) -> 北一區 | D25: =VLOOKUP(B25, '116目標底稿ver1'!B:AC, 3, 0) -> 105 | E25: =VLOOKUP(B25, '116目標底稿ver1'!B:AC, 4, 0) -> 建成分行 | F25: =VLOOKUP(B25, '116目標底稿ver1'!B:AC, 9, 0) -> 0.52 | G25: =VLOOKUP(B25, '116目標底稿ver1'!B:AC, 12, 0) -> 分行目標115% | H25: =VLOOKUP(B25, '116目標底稿ver1'!B:AC, 13, 0) -> 65550000 | I25: =VLOOKUP(B25, '116目標底稿ver1'!B:AC, 15, 0) -> 分行目標*80%*120% | J25: =VLOOKUP(B25, '116目標底稿ver1'!B:AC, 16, 0) -> 54720000 | K25: =VLOOKUP(B25, '116目標底稿ver1'!B:AC, 17, 0) -> -10830000 | L25: =VLOOKUP(B25, '116目標底稿ver1'!B:AC, 24, 0) -> 2350000 | M25: =J25+L25 -> 57070000 | N25: =VLOOKUP(B25, '116目標底稿ver1'!B:AC, 8, 0) -> 57000000 | O25: =VLOOKUP(B25, '116目標底稿ver1'!B:AC, 6, 0) -> 29760269 | P25: =M25/O25-1 -> 0.9176574 | Q25: =M25/N25-1 -> 0.0012280702 | R25: =VLOOKUP(B25, '116目標底稿ver1'!B:AC, 28, 0) -> 31388500
B26: 182 | C26: =VLOOKUP(B26, '116目標底稿ver1'!B:AC, 2, 0) -> 南區 | D26: =VLOOKUP(B26, '116目標底稿ver1'!B:AC, 3, 0) -> 830 | E26: =VLOOKUP(B26, '116目標底稿ver1'!B:AC, 4, 0) -> 台東分行 | F26: =VLOOKUP(B26, '116目標底稿ver1'!B:AC, 9, 0) -> 0.58 | G26: =VLOOKUP(B26, '116目標底稿ver1'!B:AC, 12, 0) -> 分行目標115% | H26: =VLOOKUP(B26, '116目標底稿ver1'!B:AC, 13, 0) -> 43820000 | I26: =VLOOKUP(B26, '116目標底稿ver1'!B:AC, 15, 0) -> 分行目標*80%*120% | J26: =VLOOKUP(B26, '116目標底稿ver1'!B:AC, 16, 0) -> 36580000 | K26: =VLOOKUP(B26, '116目標底稿ver1'!B:AC, 17, 0) -> -7240000 | L26: =VLOOKUP(B26, '116目標底稿ver1'!B:AC, 24, 0) -> 1740000 | M26: =J26+L26 -> 38320000 | N26: =VLOOKUP(B26, '116目標底稿ver1'!B:AC, 8, 0) -> 38100000 | O26: =VLOOKUP(B26, '116目標底稿ver1'!B:AC, 6, 0) -> 22284373 | P26: =M26/O26-1 -> 0.71959067 | Q26: =M26/N26-1 -> 0.0057742782 | R26: =VLOOKUP(B26, '116目標底稿ver1'!B:AC, 28, 0) -> 21076000
B27: 2 | C27: =VLOOKUP(B27, '116目標底稿ver1'!B:AC, 2, 0) -> 北一區 | D27: =VLOOKUP(B27, '116目標底稿ver1'!B:AC, 3, 0) -> 101 | E27: =VLOOKUP(B27, '116目標底稿ver1'!B:AC, 4, 0) -> 儲蓄分行 | F27: =VLOOKUP(B27, '116目標底稿ver1'!B:AC, 9, 0) -> 0.69 | G27: =VLOOKUP(B27, '116目標底稿ver1'!B:AC, 12, 0) -> 分行目標115% | H27: =VLOOKUP(B27, '116目標底稿ver1'!B:AC, 13, 0) -> 41430000 | I27: =VLOOKUP(B27, '116目標底稿ver1'!B:AC, 15, 0) -> 分行目標*80%*120% | J27: =VLOOKUP(B27, '116目標底稿ver1'!B:AC, 16, 0) -> 34590000 | K27: =VLOOKUP(B27, '116目標底稿ver1'!B:AC, 17, 0) -> -6840000 | L27: =VLOOKUP(B27, '116目標底稿ver1'!B:AC, 24, 0) -> 1690000 | M27: =J27+L27 -> 36280000 | N27: =VLOOKUP(B27, '116目標底稿ver1'!B:AC, 8, 0) -> 36030000 | O27: =VLOOKUP(B27, '116目標底稿ver1'!B:AC, 6, 0) -> 24773020 | P27: =M27/O27-1 -> 0.46449646 | Q27: =M27/N27-1 -> 0.0069386622 | R27: =VLOOKUP(B27, '116目標底稿ver1'!B:AC, 28, 0) -> 19954000
B28: 80 | C28: =VLOOKUP(B28, '116目標底稿ver1'!B:AC, 2, 0) -> 北三區 | D28: =VLOOKUP(B28, '116目標底稿ver1'!B:AC, 3, 0) -> 193 | E28: =VLOOKUP(B28, '116目標底稿ver1'!B:AC, 4, 0) -> 泰山分行 | F28: =VLOOKUP(B28, '116目標底稿ver1'!B:AC, 9, 0) -> 0.72 | G28: =VLOOKUP(B28, '116目標底稿ver1'!B:AC, 12, 0) -> 分行目標115% | H28: =VLOOKUP(B28, '116目標底稿ver1'!B:AC, 13, 0) -> 64630000 | I28: =VLOOKUP(B28, '116目標底稿ver1'!B:AC, 15, 0) -> 分行目標*80%*120% | J28: =VLOOKUP(B28, '116目標底稿ver1'!B:AC, 16, 0) -> 53950000 | K28: =VLOOKUP(B28, '116目標底稿ver1'!B:AC, 17, 0) -> -10680000 | L28: =VLOOKUP(B28, '116目標底稿ver1'!B:AC, 24, 0) -> 2550000 | M28: =J28+L28 -> 56500000 | N28: =VLOOKUP(B28, '116目標底稿ver1'!B:AC, 8, 0) -> 56200000 | O28: =VLOOKUP(B28, '116目標底稿ver1'!B:AC, 6, 0) -> 40700836 | P28: =M28/O28-1 -> 0.38817787 | Q28: =M28/N28-1 -> 0.0053380783 | R28: =VLOOKUP(B28, '116目標底稿ver1'!B:AC, 28, 0) -> 31075000
B29: 30 | C29: =VLOOKUP(B29, '116目標底稿ver1'!B:AC, 2, 0) -> 北一區 | D29: =VLOOKUP(B29, '116目標底稿ver1'!B:AC, 3, 0) -> 130 | E29: =VLOOKUP(B29, '116目標底稿ver1'!B:AC, 4, 0) -> 敦化分行 | F29: =VLOOKUP(B29, '116目標底稿ver1'!B:AC, 9, 0) -> 0.74 | G29: =VLOOKUP(B29, '116目標底稿ver1'!B:AC, 12, 0) -> 分行目標115% | H29: =VLOOKUP(B29, '116目標底稿ver1'!B:AC, 13, 0) -> 54520000 | I29: =VLOOKUP(B29, '116目標底稿ver1'!B:AC, 15, 0) -> 分行目標*80%*120% | J29: =VLOOKUP(B29, '116目標底稿ver1'!B:AC, 16, 0) -> 45510000 | K29: =VLOOKUP(B29, '116目標底稿ver1'!B:AC, 17, 0) -> -9010000 | L29: =VLOOKUP(B29, '116目標底稿ver1'!B:AC, 24, 0) -> 2190000 | M29: =J29+L29 -> 47700000 | N29: =VLOOKUP(B29, '116目標底稿ver1'!B:AC, 8, 0) -> 47410000 | O29: =VLOOKUP(B29, '116目標底稿ver1'!B:AC, 6, 0) -> 35284802 | P29: =M29/O29-1 -> 0.35185681 | Q29: =M29/N29-1 -> 0.006116853 | R29: =VLOOKUP(B29, '116目標底稿ver1'!B:AC, 28, 0) -> 26235000
B30: 156 | C30: =VLOOKUP(B30, '116目標底稿ver1'!B:AC, 2, 0) -> 南區 | D30: =VLOOKUP(B30, '116目標底稿ver1'!B:AC, 3, 0) -> 681 | E30: =VLOOKUP(B30, '116目標底稿ver1'!B:AC, 4, 0) -> 金華分行 | F30: =VLOOKUP(B30, '116目標底稿ver1'!B:AC, 9, 0) -> 0.69 | G30: =VLOOKUP(B30, '116目標底稿ver1'!B:AC, 12, 0) -> 分行目標115% | H30: =VLOOKUP(B30, '116目標底稿ver1'!B:AC, 13, 0) -> 64140000 | I30: =VLOOKUP(B30, '116目標底稿ver1'!B:AC, 15, 0) -> 分行目標*80%*120% | J30: =VLOOKUP(B30, '116目標底稿ver1'!B:AC, 16, 0) -> 53540000 | K30: =VLOOKUP(B30, '116目標底稿ver1'!B:AC, 17, 0) -> -10600000 | L30: =VLOOKUP(B30, '116目標底稿ver1'!B:AC, 24, 0) -> 2350000 | M30: =J30+L30 -> 55890000 | N30: =VLOOKUP(B30, '116目標底稿ver1'!B:AC, 8, 0) -> 55770000 | O30: =VLOOKUP(B30, '116目標底稿ver1'!B:AC, 6, 0) -> 38567689 | P30: =M30/O30-1 -> 0.4491405 | Q30: =M30/N30-1 -> 0.0021516945 | R30: =VLOOKUP(B30, '116目標底稿ver1'!B:AC, 28, 0) -> 30739500
B31: 165 | C31: =VLOOKUP(B31, '116目標底稿ver1'!B:AC, 2, 0) -> 南區 | D31: =VLOOKUP(B31, '116目標底稿ver1'!B:AC, 3, 0) -> 708 | E31: =VLOOKUP(B31, '116目標底稿ver1'!B:AC, 4, 0) -> 東高雄分行 | F31: =VLOOKUP(B31, '116目標底稿ver1'!B:AC, 9, 0) -> 0.63 | G31: =VLOOKUP(B31, '116目標底稿ver1'!B:AC, 12, 0) -> 分行目標115% | H31: =VLOOKUP(B31, '116目標底稿ver1'!B:AC, 13, 0) -> 61230000 | I31: =VLOOKUP(B31, '116目標底稿ver1'!B:AC, 15, 0) -> 分行目標*80%*120% | J31: =VLOOKUP(B31, '116目標底稿ver1'!B:AC, 16, 0) -> 51110000 | K31: =VLOOKUP(B31, '116目標底稿ver1'!B:AC, 17, 0) -> -10120000 | L31: =VLOOKUP(B31, '116目標底稿ver1'!B:AC, 24, 0) -> 1810000 | M31: =J31+L31 -> 52920000 | N31: =VLOOKUP(B31, '116目標底稿ver1'!B:AC, 8, 0) -> 53240000 | O31: =VLOOKUP(B31, '116目標底稿ver1'!B:AC, 6, 0) -> 33281232 | P31: =M31/O31-1 -> 0.59008537 | Q31: =M31/N31-1 -> -0.0060105184 | R31: =VLOOKUP(B31, '116目標底稿ver1'!B:AC, 28, 0) -> 29106000
B32: 62 | C32: =VLOOKUP(B32, '116目標底稿ver1'!B:AC, 2, 0) -> 北三區 | D32: =VLOOKUP(B32, '116目標底稿ver1'!B:AC, 3, 0) -> 173 | E32: =VLOOKUP(B32, '116目標底稿ver1'!B:AC, 4, 0) -> 新泰分行 | F32: =VLOOKUP(B32, '116目標底稿ver1'!B:AC, 9, 0) -> 0.71 | G32: =VLOOKUP(B32, '116目標底稿ver1'!B:AC, 12, 0) -> 分行目標115% | H32: =VLOOKUP(B32, '116目標底稿ver1'!B:AC, 13, 0) -> 58880000 | I32: =VLOOKUP(B32, '116目標底稿ver1'!B:AC, 15, 0) -> 分行目標*80%*120% | J32: =VLOOKUP(B32, '116目標底稿ver1'!B:AC, 16, 0) -> 49150000 | K32: =VLOOKUP(B32, '116目標底稿ver1'!B:AC, 17, 0) -> -9730000 | L32: =VLOOKUP(B32, '116目標底稿ver1'!B:AC, 24, 0) -> 1970000 | M32: =J32+L32 -> 51120000 | N32: =VLOOKUP(B32, '116目標底稿ver1'!B:AC, 8, 0) -> 51200000 | O32: =VLOOKUP(B32, '116目標底稿ver1'!B:AC, 6, 0) -> 36336774 | P32: =M32/O32-1 -> 0.40683925 | Q32: =M32/N32-1 -> -0.0015625 | R32: =VLOOKUP(B32, '116目標底稿ver1'!B:AC, 28, 0) -> 28116000
B33: 146 | C33: =VLOOKUP(B33, '116目標底稿ver1'!B:AC, 2, 0) -> 南區 | D33: =VLOOKUP(B33, '116目標底稿ver1'!B:AC, 3, 0) -> 621 | E33: =VLOOKUP(B33, '116目標底稿ver1'!B:AC, 4, 0) -> 麻豆分行 | F33: =VLOOKUP(B33, '116目標底稿ver1'!B:AC, 9, 0) -> 0.71 | G33: =VLOOKUP(B33, '116目標底稿ver1'!B:AC, 12, 0) -> 分行目標115% | H33: =VLOOKUP(B33, '116目標底稿ver1'!B:AC, 13, 0) -> 97960000 | I33: =VLOOKUP(B33, '116目標底稿ver1'!B:AC, 15, 0) -> 分行目標*80%*120% | J33: =VLOOKUP(B33, '116目標底稿ver1'!B:AC, 16, 0) -> 81770000 | K33: =VLOOKUP(B33, '116目標底稿ver1'!B:AC, 17, 0) -> -16190000 | L33: =VLOOKUP(B33, '116目標底稿ver1'!B:AC, 24, 0) -> 3220000 | M33: =J33+L33 -> 84990000 | N33: =VLOOKUP(B33, '116目標底稿ver1'!B:AC, 8, 0) -> 85180000 | O33: =VLOOKUP(B33, '116目標底稿ver1'!B:AC, 6, 0) -> 60267983 | P33: =M33/O33-1 -> 0.4102015 | Q33: =M33/N33-1 -> -0.0022305706 | R33: =VLOOKUP(B33, '116目標底稿ver1'!B:AC, 28, 0) -> 46744500
B34: 129 | C34: =VLOOKUP(B34, '116目標底稿ver1'!B:AC, 2, 0) -> 中區 | D34: =VLOOKUP(B34, '116目標底稿ver1'!B:AC, 3, 0) -> 430 | E34: =VLOOKUP(B34, '116目標底稿ver1'!B:AC, 4, 0) -> 太平分行 | F34: =VLOOKUP(B34, '116目標底稿ver1'!B:AC, 9, 0) -> 0.73 | G34: =VLOOKUP(B34, '116目標底稿ver1'!B:AC, 12, 0) -> 分行目標115% | H34: =VLOOKUP(B34, '116目標底稿ver1'!B:AC, 13, 0) -> 52070000 | I34: =VLOOKUP(B34, '116目標底稿ver1'!B:AC, 15, 0) -> 分行目標*80%*120% | J34: =VLOOKUP(B34, '116目標底稿ver1'!B:AC, 16, 0) -> 43470000 | K34: =VLOOKUP(B34, '116目標底稿ver1'!B:AC, 17, 0) -> -8600000 | L34: =VLOOKUP(B34, '116目標底稿ver1'!B:AC, 24, 0) -> 1780000 | M34: =J34+L34 -> 45250000 | N34: =VLOOKUP(B34, '116目標底稿ver1'!B:AC, 8, 0) -> 45280000 | O34: =VLOOKUP(B34, '116目標底稿ver1'!B:AC, 6, 0) -> 33136455 | P34: =M34/O34-1 -> 0.36556551 | Q34: =M34/N34-1 -> -0.00066254417 | R34: =VLOOKUP(B34, '116目標底稿ver1'!B:AC, 28, 0) -> 24887500
B35: 74 | C35: =VLOOKUP(B35, '116目標底稿ver1'!B:AC, 2, 0) -> 北三區 | D35: =VLOOKUP(B35, '116目標底稿ver1'!B:AC, 3, 0) -> 186 | E35: =VLOOKUP(B35, '116目標底稿ver1'!B:AC, 4, 0) -> 土城分行 | F35: =VLOOKUP(B35, '116目標底稿ver1'!B:AC, 9, 0) -> 0.66 | G35: =VLOOKUP(B35, '116目標底稿ver1'!B:AC, 12, 0) -> 分行目標115% | H35: =VLOOKUP(B35, '116目標底稿ver1'!B:AC, 13, 0) -> 88720000 | I35: =VLOOKUP(B35, '116目標底稿ver1'!B:AC, 15, 0) -> 分行目標*80%*120% | J35: =VLOOKUP(B35, '116目標底稿ver1'!B:AC, 16, 0) -> 74060000 | K35: =VLOOKUP(B35, '116目標底稿ver1'!B:AC, 17, 0) -> -14660000 | L35: =VLOOKUP(B35, '116目標底稿ver1'!B:AC, 24, 0) -> 2670000 | M35: =J35+L35 -> 76730000 | N35: =VLOOKUP(B35, '116目標底稿ver1'!B:AC, 8, 0) -> 77150000 | O35: =VLOOKUP(B35, '116目標底稿ver1'!B:AC, 6, 0) -> 50585750 | P35: =M35/O35-1 -> 0.51683033 | Q35: =M35/N35-1 -> -0.0054439404 | R35: =VLOOKUP(B35, '116目標底稿ver1'!B:AC, 28, 0) -> 42201500
B36: 151 | C36: =VLOOKUP(B36, '116目標底稿ver1'!B:AC, 2, 0) -> 南區 | D36: =VLOOKUP(B36, '116目標底稿ver1'!B:AC, 3, 0) -> 644 | E36: =VLOOKUP(B36, '116目標底稿ver1'!B:AC, 4, 0) -> 北台南分行 | F36: =VLOOKUP(B36, '116目標底稿ver1'!B:AC, 9, 0) -> 0.66 | G36: =VLOOKUP(B36, '116目標底稿ver1'!B:AC, 12, 0) -> 分行目標115% | H36: =VLOOKUP(B36, '116目標底稿ver1'!B:AC, 13, 0) -> 82690000 | I36: =VLOOKUP(B36, '116目標底稿ver1'!B:AC, 15, 0) -> 分行目標*80%*120% | J36: =VLOOKUP(B36, '116目標底稿ver1'!B:AC, 16, 0) -> 69020000 | K36: =VLOOKUP(B36, '116目標底稿ver1'!B:AC, 17, 0) -> -13670000 | L36: =VLOOKUP(B36, '116目標底稿ver1'!B:AC, 24, 0) -> 2460000 | M36: =J36+L36 -> 71480000 | N36: =VLOOKUP(B36, '116目標底稿ver1'!B:AC, 8, 0) -> 71900000 | O36: =VLOOKUP(B36, '116目標底稿ver1'!B:AC, 6, 0) -> 47154352 | P36: =M36/O36-1 -> 0.51587281 | Q36: =M36/N36-1 -> -0.0058414465 | R36: =VLOOKUP(B36, '116目標底稿ver1'!B:AC, 28, 0) -> 39314000
B37: 32 | C37: =VLOOKUP(B37, '116目標底稿ver1'!B:AC, 2, 0) -> 北一區 | D37: =VLOOKUP(B37, '116目標底稿ver1'!B:AC, 3, 0) -> 133 | E37: =VLOOKUP(B37, '116目標底稿ver1'!B:AC, 4, 0) -> 敦和分行 | F37: =VLOOKUP(B37, '116目標底稿ver1'!B:AC, 9, 0) -> 0.71 | G37: =VLOOKUP(B37, '116目標底稿ver1'!B:AC, 12, 0) -> 分行目標115% | H37: =VLOOKUP(B37, '116目標底稿ver1'!B:AC, 13, 0) -> 58470000 | I37: =VLOOKUP(B37, '116目標底稿ver1'!B:AC, 15, 0) -> 分行目標*80%*120% | J37: =VLOOKUP(B37, '116目標底稿ver1'!B:AC, 16, 0) -> 48810000 | K37: =VLOOKUP(B37, '116目標底稿ver1'!B:AC, 17, 0) -> -9660000 | L37: =VLOOKUP(B37, '116目標底稿ver1'!B:AC, 24, 0) -> 1860000 | M37: =J37+L37 -> 50670000 | N37: =VLOOKUP(B37, '116目標底稿ver1'!B:AC, 8, 0) -> 50840000 | O37: =VLOOKUP(B37, '116目標底稿ver1'!B:AC, 6, 0) -> 36160101 | P37: =M37/O37-1 -> 0.40126821 | Q37: =M37/N37-1 -> -0.0033438238 | R37: =VLOOKUP(B37, '116目標底稿ver1'!B:AC, 28, 0) -> 27868500
... B44: 10 | C44: =VLOOKUP(B44, '116目標底稿ver1'!B:AC, 2, 0) -> 北一區 | D44: =VLOOKUP(B44, '116目標底稿ver1'!B:AC, 3, 0) -> 110 | E44: =VLOOKUP(B44, '116目標底稿ver1'!B:AC, 4, 0) -> 南松山分行 | F44: =VLOOKUP(B44, '116目標底稿ver1'!B:AC, 9, 0) -> 0.74 | G44: =VLOOKUP(B44, '116目標底稿ver1'!B:AC, 12, 0) -> 分行目標115% | H44: =VLOOKUP(B44, '116目標底稿ver1'!B:AC, 13, 0) -> 68390000 | I44: =VLOOKUP(B44, '116目標底稿ver1'!B:AC, 15, 0) -> 分行目標*80%*120% | J44: =VLOOKUP(B44, '116目標底稿ver1'!B:AC, 16, 0) -> 57090000 | K44: =VLOOKUP(B44, '116目標底稿ver1'!B:AC, 17, 0) -> -11300000 | L44: =VLOOKUP(B44, '116目標底稿ver1'!B:AC, 24, 0) -> 2120000 | M44: =J44+L44 -> 59210000 | N44: =VLOOKUP(B44, '116目標底稿ver1'!B:AC, 8, 0) -> 59470000 | O44: =VLOOKUP(B44, '116目標底稿ver1'!B:AC, 6, 0) -> 44041600 | P44: =M44/O44-1 -> 0.34441074 | Q44: =M44/N44-1 -> -0.0043719522 | R44: =VLOOKUP(B44, '116目標底稿ver1'!B:AC, 28, 0) -> 32565500

Sheet 116目標底稿SUMMARY
B2: 115年年化達成率 | C2: 116年成長目標 | D2: 成長目標計算公式 | E2: 達成率門檻 | F2: 目標參數1 | G2: 目標參數2 | H2: 分行數 | I2: 分行數佔比 | J2: 116年 成長目標數 | K2: 116年 綜合指標目標數 | L2: 116年 目標數合計 | M2: 列標籤 | N2: 計數 - 單位 | O2: 加總 - 116年成長目標 調整規則 計算目標數 | P2: 加總 - 116年綜合指標 目標數合計 (以萬元為單位) | Q2: 加總 - 116年目標合計 (以萬元為單位)
A3: TYPE_1 | B3: 120%以上 | C3: 115年目標之120%再成長1% | D3: 分行目標*120%*101% | E3: 1.2 | F3: 1.2 | G3: 1.01 | H3: =N3 -> 47 | I3: =H3/$H$7 -> 0.2568306 | J3: =O3 -> 3866530000 | K3: =P3 -> 117400000 | L3: =Q3 -> 3983930000 | M3: TYPE_1 | N3: 47 | O3: 3866530000 | P3: 117400000 | Q3: 3983930000
A4: TYPE_2 | B4: 100%以上，未達120% | C4: 115年預估實績成長3% | D4: 預估實績*103% | E4: 1 | F4: 1.01 | G4: - | H4: =N4 -> 52 | I4: =H4/$H$7 -> 0.28415301 | J4: =O4 -> 3986790000 | K4: =P4 -> 132140000 | L4: =Q4 -> 4118930000 | M4: TYPE_2 | N4: 52 | O4: 3986790000 | P4: 132140000 | Q4: 4118930000
A5: TYPE_3 | B5: 80%以上，未達100% | C5: 115年預估實績成長5% | D5: 預估實績*105% | E5: 0.8 | F5: 1.03 | G5: - | H5: =N5 -> 53 | I5: =H5/$H$7 -> 0.28961749 | J5: =O5 -> 2951790000 | K5: =P5 -> 116740000 | L5: =Q5 -> 3068530000 | M5: TYPE_3 | N5: 53 | O5: 2951790000 | P5: 116740000 | Q5: 3068530000
A6: TYPE_4 | B6: 未達80% | C6: 115年目標之80%再成長20% | D6: 分行目標*80%*120% | E6: NO | F6: 0.8 | G6: 1.2 | H6: =N6 -> 31 | I6: =H6/$H$7 -> 0.16939891 | J6: =O6 -> 1759090000 | K6: =P6 -> 68890000 | L6: =Q6 -> 1827980000 | M6: TYPE_4 | N6: 31 | O6: 1759090000 | P6: 68890000 | Q6: 1827980000
H7: =SUM(H3:H6) -> 183 | I7: =H7/$H$7 -> 1 | J7: =SUM(J3:J6) -> 12564200000 | K7: =SUM(K3:K6) -> 435170000 | L7: =SUM(L3:L6) -> 12999370000 | M7: 總計 | N7: 183 | O7: 12564200000 | P7: 435170000 | Q7: 12999370000
J8: =J7/$L$7 -> 0.96652376 | K8: =K7/$L$7 -> 0.033476238
B14: 【116年目標試算方式彙整、115年規則比對與建議】 | J14: 製表：依 ver5_2 底稿結構整理；藍字黃底為可調參數；綠字為連動他表之數值；表內「(靜)」欄為以 ver5_1／ver5_2 數值離線計算之靜態值
B16: 壹、目前試算架構（ver5_2）
B17: 1. 全行 116 年財管手收目標 130 億 ＝ ①成長目標（依 115 年年化達成率分類套公式）＋ ②綜合指標目標。②＝130 億 − ①合計，屬「餘額」，再依 前2年平均業績 20%／存款 25%／投資類AUM 25%／人數 25%／115年組別 5% 分攤（見 116年參數表）。
B18: 2. 達成率 J ＝ 115年1–9月年化業績 ÷ 115年年中調整後目標；年化業績 ＝ 1–9月實績達成率 × 115年全年目標（115_分行業績!H 欄），未剔除超額大案。
B19: 3. 分類門檻與參數即本表 E3:G6（原為隱藏欄，本次已取消隱藏）：底稿ver1 的 A 欄分類、O/P 欄文字、Q 欄金額皆以 VLOOKUP／IF 連動本表，改本表參數即全檔重算。
B20: 4. 底稿 L/M/N 欄同時保留「115 年原規則」（參數見 原始參數_115）套用在 115 年化數字的結果，R 欄＝調整規則 − 原規則。K 欄「116試算達成率」＝115年化業績 ÷ 116目標合計，可視為「照 115 年水準做，116 年能達成幾成」。
B21: 5. ver5_1 為 6 類版本、ver5_2 改為 4 類；兩版成長目標合計不同，故綜合指標池（餘額）亦不同：ver5_1 6.73 億（5.2%）、ver5_2 4.35 億（3.3%）。
B22: 6. 「財管手收比較表_重點」為呈報表（前 20 名排名），欄位文字自底稿 P 欄帶入。
B24: 貳、三套規則公式對照（116成長目標 ＝ ？）
B25: 115年原規則（9類，原始參數_115） | C25: ver5_1（6類） | D25: ver5_2 現行（4類，本表E3:G6） | E25: 建議 S4（現行框架＋兩端缺口分攤）
B26: ≥200%：預估實績×70% | C26: ≥180%：預估實績×70% | D26: ≥120%：115目標×120%×101%（＝目標×1.212，不看實績） | E26: ≥120%：(115目標×1.2 ＋ βhi×(實績−115目標×1.2))×1.01；βhi＝0.5
B27: 150–200%：×80% | C27: 150–180%：×80% | D27: 100–120%：實績×101%（本表 C4/D4 文字寫 103%，實算 1.01） | E27: 100–120%：實績×1.01（不變）
B28: 130–150%：×90% | C28: 135–150%：×90% | D28: 80–100%：實績×103%（本表 C5/D5 文字寫 105%，實算 1.03） | E28: 80–100%：實績×1.03（不變）
B29: 120–130%：×101% | C29: 100–135%：×101% | D29: <80%：115目標×80%×120%（＝目標×0.96） | E29: <80%：(實績 ＋ βlo×(115目標×0.8 − 實績))×1.03；βlo＝0.5
B30: 110–120%：×103% | C30: 80–100%：×102%
B31: 100–110%：×105% | C31: <80%：×103%
B32: 90–100%：115目標×105%
B33: 75–90%：115目標×110%
B34: <75%：115目標×115% | E34: 最後全體等比例校準，使成長目標合計維持 125.64 億（綜合池不變）
B36: 各達成率水準下「116成長目標 ÷ 115年化實績」倍數（分行實際感受到的成長率；1.000＝持平）
B37: 115年化達成率 | C37: 115年原規則 | D37: ver5_1 | E37: ver5_2 現行（連動E3:G6） | F37: ver5_2 ÷115目標 | G37: 建議S4（連動模擬表） | H37: 建議S3（連動模擬表） | I37: 備註
B38: 0.52 | C38: =IF(VLOOKUP($B38,原始參數_115!$E$2:$G$10,2,TRUE)<>1,VLOOKUP($B38,原始參數_115!$E$2:$G$10,2,TRUE),VLOOKUP($B38,原始參數_115!$E$2:$G$10,3,TRUE)/$B38) -> 2.2115385 | D38: =IF($B38>=1.8,0.7,IF($B38>=1.5,0.8,IF($B38>=1.35,0.9,IF($B38>=1,1.01,IF($B38>=0.8,1.02,1.03))))) -> 1.03 | E38: =IF($B38>=$E$3,$F$3*$G$3/$B38,IF($B38>=$E$4,$F$4,IF($B38>=$E$5,$F$5,$F$6*$G$6/$B38))) -> 1.8461538 | F38: =E38*$B38 -> 0.96 | G38: =IF($B38>='116替代方案模擬'!$H$2,('116替代方案模擬'!$H$2+'116替代方案模擬'!$D$2*($B38-'116替代方案模擬'!$H$2))*'116替代方案模擬'!$N$2/$B38,IF($B38>='116替代方案模擬'!$J$2,'116替代方案模擬'!$P$2,IF($B38>='116替代方案模擬'!$L$2,'116替代方案模擬'!$R$2,($B38+'116替代方案模擬'!$F$2*('116替代方案模擬'!$L$2-$B38))*'116替代方案模擬'!$R$2/$B38)))*'116替代方案模擬'!$H$4 -> 1.3135481 | H38: =MAX(1+MAX('116替代方案模擬'!$H$3,MIN('116替代方案模擬'!$J$3,'116替代方案模擬'!$D$3-'116替代方案模擬'!$F$3*($B38-1))),'116替代方案模擬'!$L$3/$B38)*'116替代方案模擬'!$L$4 -> 1.6344931
B39: 0.6 | C39: =IF(VLOOKUP($B39,原始參數_115!$E$2:$G$10,2,TRUE)<>1,VLOOKUP($B39,原始參數_115!$E$2:$G$10,2,TRUE),VLOOKUP($B39,原始參數_115!$E$2:$G$10,3,TRUE)/$B39) -> 1.9166667 | D39: =IF($B39>=1.8,0.7,IF($B39>=1.5,0.8,IF($B39>=1.35,0.9,IF($B39>=1,1.01,IF($B39>=0.8,1.02,1.03))))) -> 1.03 | E39: =IF($B39>=$E$3,$F$3*$G$3/$B39,IF($B39>=$E$4,$F$4,IF($B39>=$E$5,$F$5,$F$6*$G$6/$B39))) -> 1.6 | F39: =E39*$B39 -> 0.96 | G39: =IF($B39>='116替代方案模擬'!$H$2,('116替代方案模擬'!$H$2+'116替代方案模擬'!$D$2*($B39-'116替代方案模擬'!$H$2))*'116替代方案模擬'!$N$2/$B39,IF($B39>='116替代方案模擬'!$J$2,'116替代方案模擬'!$P$2,IF($B39>='116替代方案模擬'!$L$2,'116替代方案模擬'!$R$2,($B39+'116替代方案模擬'!$F$2*('116替代方案模擬'!$L$2-$B39))*'116替代方案模擬'!$R$2/$B39)))*'116替代方案模擬'!$H$4 -> 1.2074028 | H39: =MAX(1+MAX('116替代方案模擬'!$H$3,MIN('116替代方案模擬'!$J$3,'116替代方案模擬'!$D$3-'116替代方案模擬'!$F$3*($B39-1))),'116替代方案模擬'!$L$3/$B39)*'116替代方案模擬'!$L$4 -> 1.4165607
B40: 0.7 | C40: =IF(VLOOKUP($B40,原始參數_115!$E$2:$G$10,2,TRUE)<>1,VLOOKUP($B40,原始參數_115!$E$2:$G$10,2,TRUE),VLOOKUP($B40,原始參數_115!$E$2:$G$10,3,TRUE)/$B40) -> 1.6428571 | D40: =IF($B40>=1.8,0.7,IF($B40>=1.5,0.8,IF($B40>=1.35,0.9,IF($B40>=1,1.01,IF($B40>=0.8,1.02,1.03))))) -> 1.03 | E40: =IF($B40>=$E$3,$F$3*$G$3/$B40,IF($B40>=$E$4,$F$4,IF($B40>=$E$5,$F$5,$F$6*$G$6/$B40))) -> 1.3714286 | F40: =E40*$B40 -> 0.96 | G40: =IF($B40>='116替代方案模擬'!$H$2,('116替代方案模擬'!$H$2+'116替代方案模擬'!$D$2*($B40-'116替代方案模擬'!$H$2))*'116替代方案模擬'!$N$2/$B40,IF($B40>='116替代方案模擬'!$J$2,'116替代方案模擬'!$P$2,IF($B40>='116替代方案模擬'!$L$2,'116替代方案模擬'!$R$2,($B40+'116替代方案模擬'!$F$2*('116替代方案模擬'!$L$2-$B40))*'116替代方案模擬'!$R$2/$B40)))*'116替代方案模擬'!$H$4 -> 1.1088393 | H40: =MAX(1+MAX('116替代方案模擬'!$H$3,MIN('116替代方案模擬'!$J$3,'116替代方案模擬'!$D$3-'116替代方案模擬'!$F$3*($B40-1))),'116替代方案模擬'!$L$3/$B40)*'116替代方案模擬'!$L$4 -> 1.2141949
B41: 0.74 | C41: =IF(VLOOKUP($B41,原始參數_115!$E$2:$G$10,2,TRUE)<>1,VLOOKUP($B41,原始參數_115!$E$2:$G$10,2,TRUE),VLOOKUP($B41,原始參數_115!$E$2:$G$10,3,TRUE)/$B41) -> 1.5540541 | D41: =IF($B41>=1.8,0.7,IF($B41>=1.5,0.8,IF($B41>=1.35,0.9,IF($B41>=1,1.01,IF($B41>=0.8,1.02,1.03))))) -> 1.03 | E41: =IF($B41>=$E$3,$F$3*$G$3/$B41,IF($B41>=$E$4,$F$4,IF($B41>=$E$5,$F$5,$F$6*$G$6/$B41))) -> 1.2972973 | F41: =E41*$B41 -> 0.96 | G41: =IF($B41>='116替代方案模擬'!$H$2,('116替代方案模擬'!$H$2+'116替代方案模擬'!$D$2*($B41-'116替代方案模擬'!$H$2))*'116替代方案模擬'!$N$2/$B41,IF($B41>='116替代方案模擬'!$J$2,'116替代方案模擬'!$P$2,IF($B41>='116替代方案模擬'!$L$2,'116替代方案模擬'!$R$2,($B41+'116替代方案模擬'!$F$2*('116替代方案模擬'!$L$2-$B41))*'116替代方案模擬'!$R$2/$B41)))*'116替代方案模擬'!$H$4 -> 1.0768728 | H41: =MAX(1+MAX('116替代方案模擬'!$H$3,MIN('116替代方案模擬'!$J$3,'116替代方案模擬'!$D$3-'116替代方案模擬'!$F$3*($B41-1))),'116替代方案模擬'!$L$3/$B41)*'116替代方案模擬'!$L$4 -> 1.1485627
B42: 0.75 | C42: =IF(VLOOKUP($B42,原始參數_115!$E$2:$G$10,2,TRUE)<>1,VLOOKUP($B42,原始參數_115!$E$2:$G$10,2,TRUE),VLOOKUP($B42,原始參數_115!$E$2:$G$10,3,TRUE)/$B42) -> 1.4666667 | D42: =IF($B42>=1.8,0.7,IF($B42>=1.5,0.8,IF($B42>=1.35,0.9,IF($B42>=1,1.01,IF($B42>=0.8,1.02,1.03))))) -> 1.03 | E42: =IF($B42>=$E$3,$F$3*$G$3/$B42,IF($B42>=$E$4,$F$4,IF($B42>=$E$5,$F$5,$F$6*$G$6/$B42))) -> 1.28 | F42: =E42*$B42 -> 0.96 | G42: =IF($B42>='116替代方案模擬'!$H$2,('116替代方案模擬'!$H$2+'116替代方案模擬'!$D$2*($B42-'116替代方案模擬'!$H$2))*'116替代方案模擬'!$N$2/$B42,IF($B42>='116替代方案模擬'!$J$2,'116替代方案模擬'!$P$2,IF($B42>='116替代方案模擬'!$L$2,'116替代方案模擬'!$R$2,($B42+'116替代方案模擬'!$F$2*('116替代方案模擬'!$L$2-$B42))*'116替代方案模擬'!$R$2/$B42)))*'116替代方案模擬'!$H$4 -> 1.0694139 | H42: =MAX(1+MAX('116替代方案模擬'!$H$3,MIN('116替代方案模擬'!$J$3,'116替代方案模擬'!$D$3-'116替代方案模擬'!$F$3*($B42-1))),'116替代方案模擬'!$L$3/$B42)*'116替代方案模擬'!$L$4 -> 1.1332485
B43: 0.79 | C43: =IF(VLOOKUP($B43,原始參數_115!$E$2:$G$10,2,TRUE)<>1,VLOOKUP($B43,原始參數_115!$E$2:$G$10,2,TRUE),VLOOKUP($B43,原始參數_115!$E$2:$G$10,3,TRUE)/$B43) -> 1.3924051 | D43: =IF($B43>=1.8,0.7,IF($B43>=1.5,0.8,IF($B43>=1.35,0.9,IF($B43>=1,1.01,IF($B43>=0.8,1.02,1.03))))) -> 1.03 | E43: =IF($B43>=$E$3,$F$3*$G$3/$B43,IF($B43>=$E$4,$F$4,IF($B43>=$E$5,$F$5,$F$6*$G$6/$B43))) -> 1.2151899 | F43: =E43*$B43 -> 0.96 | G43: =IF($B43>='116替代方案模擬'!$H$2,('116替代方案模擬'!$H$2+'116替代方案模擬'!$D$2*($B43-'116替代方案模擬'!$H$2))*'116替代方案模擬'!$N$2/$B43,IF($B43>='116替代方案模擬'!$J$2,'116替代方案模擬'!$P$2,IF($B43>='116替代方案模擬'!$L$2,'116替代方案模擬'!$R$2,($B43+'116替代方案模擬'!$F$2*('116替代方案模擬'!$L$2-$B43))*'116替代方案模擬'!$R$2/$B43)))*'116替代方案模擬'!$H$4 -> 1.0414668 | H43: =MAX(1+MAX('116替代方案模擬'!$H$3,MIN('116替代方案模擬'!$J$3,'116替代方案模擬'!$D$3-'116替代方案模擬'!$F$3*($B43-1))),'116替代方案模擬'!$L$3/$B43)*'116替代方案模擬'!$L$4 -> 1.0784193 | I43: ←ver5_2：79% 的目標(÷115目標0.960)高於 80%(0.824)，反向斷層
B44: 0.8 | C44: =IF(VLOOKUP($B44,原始參數_115!$E$2:$G$10,2,TRUE)<>1,VLOOKUP($B44,原始參數_115!$E$2:$G$10,2,TRUE),VLOOKUP($B44,原始參數_115!$E$2:$G$10,3,TRUE)/$B44) -> 1.375 | D44: =IF($B44>=1.8,0.7,IF($B44>=1.5,0.8,IF($B44>=1.35,0.9,IF($B44>=1,1.01,IF($B44>=0.8,1.02,1.03))))) -> 1.02 | E44: =IF($B44>=$E$3,$F$3*$G$3/$B44,IF($B44>=$E$4,$F$4,IF($B44>=$E$5,$F$5,$F$6*$G$6/$B44))) -> 1.03 | F44: =E44*$B44 -> 0.824 | G44: =IF($B44>='116替代方案模擬'!$H$2,('116替代方案模擬'!$H$2+'116替代方案模擬'!$D$2*($B44-'116替代方案模擬'!$H$2))*'116替代方案模擬'!$N$2/$B44,IF($B44>='116替代方案模擬'!$J$2,'116替代方案模擬'!$P$2,IF($B44>='116替代方案模擬'!$L$2,'116替代方案模擬'!$R$2,($B44+'116替代方案模擬'!$F$2*('116替代方案模擬'!$L$2-$B44))*'116替代方案模擬'!$R$2/$B44)))*'116替代方案模擬'!$H$4 -> 1.0349167 | H44: =MAX(1+MAX('116替代方案模擬'!$H$3,MIN('116替代方案模擬'!$J$3,'116替代方案模擬'!$D$3-'116替代方案模擬'!$F$3*($B44-1))),'116替代方案模擬'!$L$3/$B44)*'116替代方案模擬'!$L$4 -> 1.0759195
B45: 0.89 | C45: =IF(VLOOKUP($B45,原始參數_115!$E$2:$G$10,2,TRUE)<>1,VLOOKUP($B45,原始參數_115!$E$2:$G$10,2,TRUE),VLOOKUP($B45,原始參數_115!$E$2:$G$10,3,TRUE)/$B45) -> 1.2359551 | D45: =IF($B45>=1.8,0.7,IF($B45>=1.5,0.8,IF($B45>=1.35,0.9,IF($B45>=1,1.01,IF($B45>=0.8,1.02,1.03))))) -> 1.02 | E45: =IF($B45>=$E$3,$F$3*$G$3/$B45,IF($B45>=$E$4,$F$4,IF($B45>=$E$5,$F$5,$F$6*$G$6/$B45))) -> 1.03 | F45: =E45*$B45 -> 0.9167 | G45: =IF($B45>='116替代方案模擬'!$H$2,('116替代方案模擬'!$H$2+'116替代方案模擬'!$D$2*($B45-'116替代方案模擬'!$H$2))*'116替代方案模擬'!$N$2/$B45,IF($B45>='116替代方案模擬'!$J$2,'116替代方案模擬'!$P$2,IF($B45>='116替代方案模擬'!$L$2,'116替代方案模擬'!$R$2,($B45+'116替代方案模擬'!$F$2*('116替代方案模擬'!$L$2-$B45))*'116替代方案模擬'!$R$2/$B45)))*'116替代方案模擬'!$H$4 -> 1.0349167 | H45: =MAX(1+MAX('116替代方案模擬'!$H$3,MIN('116替代方案模擬'!$J$3,'116替代方案模擬'!$D$3-'116替代方案模擬'!$F$3*($B45-1))),'116替代方案模擬'!$L$3/$B45)*'116替代方案模擬'!$L$4 -> 1.0534212
B46: 0.9 | C46: =IF(VLOOKUP($B46,原始參數_115!$E$2:$G$10,2,TRUE)<>1,VLOOKUP($B46,原始參數_115!$E$2:$G$10,2,TRUE),VLOOKUP($B46,原始參數_115!$E$2:$G$10,3,TRUE)/$B46) -> 1.1666667 | D46: =IF($B46>=1.8,0.7,IF($B46>=1.5,0.8,IF($B46>=1.35,0.9,IF($B46>=1,1.01,IF($B46>=0.8,1.02,1.03))))) -> 1.02 | E46: =IF($B46>=$E$3,$F$3*$G$3/$B46,IF($B46>=$E$4,$F$4,IF($B46>=$E$5,$F$5,$F$6*$G$6/$B46))) -> 1.03 | F46: =E46*$B46 -> 0.927 | G46: =IF($B46>='116替代方案模擬'!$H$2,('116替代方案模擬'!$H$2+'116替代方案模擬'!$D$2*($B46-'116替代方案模擬'!$H$2))*'116替代方案模擬'!$N$2/$B46,IF($B46>='116替代方案模擬'!$J$2,'116替代方案模擬'!$P$2,IF($B46>='116替代方案模擬'!$L$2,'116替代方案模擬'!$R$2,($B46+'116替代方案模擬'!$F$2*('116替代方案模擬'!$L$2-$B46))*'116替代方案模擬'!$R$2/$B46)))*'116替代方案模擬'!$H$4 -> 1.0349167 | H46: =MAX(1+MAX('116替代方案模擬'!$H$3,MIN('116替代方案模擬'!$J$3,'116替代方案模擬'!$D$3-'116替代方案模擬'!$F$3*($B46-1))),'116替代方案模擬'!$L$3/$B46)*'116替代方案模擬'!$L$4 -> 1.0509214
B47: 0.99 | C47: =IF(VLOOKUP($B47,原始參數_115!$E$2:$G$10,2,TRUE)<>1,VLOOKUP($B47,原始參數_115!$E$2:$G$10,2,TRUE),VLOOKUP($B47,原始參數_115!$E$2:$G$10,3,TRUE)/$B47) -> 1.0606061 | D47: =IF($B47>=1.8,0.7,IF($B47>=1.5,0.8,IF($B47>=1.35,0.9,IF($B47>=1,1.01,IF($B47>=0.8,1.02,1.03))))) -> 1.02 | E47: =IF($B47>=$E$3,$F$3*$G$3/$B47,IF($B47>=$E$4,$F$4,IF($B47>=$E$5,$F$5,$F$6*$G$6/$B47))) -> 1.03 | F47: =E47*$B47 -> 1.0197 | G47: =IF($B47>='116替代方案模擬'!$H$2,('116替代方案模擬'!$H$2+'116替代方案模擬'!$D$2*($B47-'116替代方案模擬'!$H$2))*'116替代方案模擬'!$N$2/$B47,IF($B47>='116替代方案模擬'!$J$2,'116替代方案模擬'!$P$2,IF($B47>='116替代方案模擬'!$L$2,'116替代方案模擬'!$R$2,($B47+'116替代方案模擬'!$F$2*('116替代方案模擬'!$L$2-$B47))*'116替代方案模擬'!$R$2/$B47)))*'116替代方案模擬'!$H$4 -> 1.0349167 | H47: =MAX(1+MAX('116替代方案模擬'!$H$3,MIN('116替代方案模擬'!$J$3,'116替代方案模擬'!$D$3-'116替代方案模擬'!$F$3*($B47-1))),'116替代方案模擬'!$L$3/$B47)*'116替代方案模擬'!$L$4 -> 1.0284231
B48: 1 | C48: =IF(VLOOKUP($B48,原始參數_115!$E$2:$G$10,2,TRUE)<>1,VLOOKUP($B48,原始參數_115!$E$2:$G$10,2,TRUE),VLOOKUP($B48,原始參數_115!$E$2:$G$10,3,TRUE)/$B48) -> 1.05 | D48: =IF($B48>=1.8,0.7,IF($B48>=1.5,0.8,IF($B48>=1.35,0.9,IF($B48>=1,1.01,IF($B48>=0.8,1.02,1.03))))) -> 1.01 | E48: =IF($B48>=$E$3,$F$3*$G$3/$B48,IF($B48>=$E$4,$F$4,IF($B48>=$E$5,$F$5,$F$6*$G$6/$B48))) -> 1.01 | F48: =E48*$B48 -> 1.01 | G48: =IF($B48>='116替代方案模擬'!$H$2,('116替代方案模擬'!$H$2+'116替代方案模擬'!$D$2*($B48-'116替代方案模擬'!$H$2))*'116替代方案模擬'!$N$2/$B48,IF($B48>='116替代方案模擬'!$J$2,'116替代方案模擬'!$P$2,IF($B48>='116替代方案模擬'!$L$2,'116替代方案模擬'!$R$2,($B48+'116替代方案模擬'!$F$2*('116替代方案模擬'!$L$2-$B48))*'116替代方案模擬'!$R$2/$B48)))*'116替代方案模擬'!$H$4 -> 1.0148212 | H48: =MAX(1+MAX('116替代方案模擬'!$H$3,MIN('116替代方案模擬'!$J$3,'116替代方案模擬'!$D$3-'116替代方案模擬'!$F$3*($B48-1))),'116替代方案模擬'!$L$3/$B48)*'116替代方案模擬'!$L$4 -> 1.0259232
B49: 1.09 | C49: =IF(VLOOKUP($B49,原始參數_115!$E$2:$G$10,2,TRUE)<>1,VLOOKUP($B49,原始參數_115!$E$2:$G$10,2,TRUE),VLOOKUP($B49,原始參數_115!$E$2:$G$10,3,TRUE)/$B49) -> 1.05 | D49: =IF($B49>=1.8,0.7,IF($B49>=1.5,0.8,IF($B49>=1.35,0.9,IF($B49>=1,1.01,IF($B49>=0.8,1.02,1.03))))) -> 1.01 | E49: =IF($B49>=$E$3,$F$3*$G$3/$B49,IF($B49>=$E$4,$F$4,IF($B49>=$E$5,$F$5,$F$6*$G$6/$B49))) -> 1.01 | F49: =E49*$B49 -> 1.1009 | G49: =IF($B49>='116替代方案模擬'!$H$2,('116替代方案模擬'!$H$2+'116替代方案模擬'!$D$2*($B49-'116替代方案模擬'!$H$2))*'116替代方案模擬'!$N$2/$B49,IF($B49>='116替代方案模擬'!$J$2,'116替代方案模擬'!$P$2,IF($B49>='116替代方案模擬'!$L$2,'116替代方案模擬'!$R$2,($B49+'116替代方案模擬'!$F$2*('116替代方案模擬'!$L$2-$B49))*'116替代方案模擬'!$R$2/$B49)))*'116替代方案模擬'!$H$4 -> 1.0148212 | H49: =MAX(1+MAX('116替代方案模擬'!$H$3,MIN('116替代方案模擬'!$J$3,'116替代方案模擬'!$D$3-'116替代方案模擬'!$F$3*($B49-1))),'116替代方案模擬'!$L$3/$B49)*'116替代方案模擬'!$L$4 -> 1.0034249
B50: 1.1 | C50: =IF(VLOOKUP($B50,原始參數_115!$E$2:$G$10,2,TRUE)<>1,VLOOKUP($B50,原始參數_115!$E$2:$G$10,2,TRUE),VLOOKUP($B50,原始參數_115!$E$2:$G$10,3,TRUE)/$B50) -> 1.03 | D50: =IF($B50>=1.8,0.7,IF($B50>=1.5,0.8,IF($B50>=1.35,0.9,IF($B50>=1,1.01,IF($B50>=0.8,1.02,1.03))))) -> 1.01 | E50: =IF($B50>=$E$3,$F$3*$G$3/$B50,IF($B50>=$E$4,$F$4,IF($B50>=$E$5,$F$5,$F$6*$G$6/$B50))) -> 1.01 | F50: =E50*$B50 -> 1.111 | G50: =IF($B50>='116替代方案模擬'!$H$2,('116替代方案模擬'!$H$2+'116替代方案模擬'!$D$2*($B50-'116替代方案模擬'!$H$2))*'116替代方案模擬'!$N$2/$B50,IF($B50>='116替代方案模擬'!$J$2,'116替代方案模擬'!$P$2,IF($B50>='116替代方案模擬'!$L$2,'116替代方案模擬'!$R$2,($B50+'116替代方案模擬'!$F$2*('116替代方案模擬'!$L$2-$B50))*'116替代方案模擬'!$R$2/$B50)))*'116替代方案模擬'!$H$4 -> 1.0148212 | H50: =MAX(1+MAX('116替代方案模擬'!$H$3,MIN('116替代方案模擬'!$J$3,'116替代方案模擬'!$D$3-'116替代方案模擬'!$F$3*($B50-1))),'116替代方案模擬'!$L$3/$B50)*'116替代方案模擬'!$L$4 -> 1.0009251
B51: 1.19 | C51: =IF(VLOOKUP($B51,原始參數_115!$E$2:$G$10,2,TRUE)<>1,VLOOKUP($B51,原始參數_115!$E$2:$G$10,2,TRUE),VLOOKUP($B51,原始參數_115!$E$2:$G$10,3,TRUE)/$B51) -> 1.03 | D51: =IF($B51>=1.8,0.7,IF($B51>=1.5,0.8,IF($B51>=1.35,0.9,IF($B51>=1,1.01,IF($B51>=0.8,1.02,1.03))))) -> 1.01 | E51: =IF($B51>=$E$3,$F$3*$G$3/$B51,IF($B51>=$E$4,$F$4,IF($B51>=$E$5,$F$5,$F$6*$G$6/$B51))) -> 1.01 | F51: =E51*$B51 -> 1.2019 | G51: =IF($B51>='116替代方案模擬'!$H$2,('116替代方案模擬'!$H$2+'116替代方案模擬'!$D$2*($B51-'116替代方案模擬'!$H$2))*'116替代方案模擬'!$N$2/$B51,IF($B51>='116替代方案模擬'!$J$2,'116替代方案模擬'!$P$2,IF($B51>='116替代方案模擬'!$L$2,'116替代方案模擬'!$R$2,($B51+'116替代方案模擬'!$F$2*('116替代方案模擬'!$L$2-$B51))*'116替代方案模擬'!$R$2/$B51)))*'116替代方案模擬'!$H$4 -> 1.0148212 | H51: =MAX(1+MAX('116替代方案模擬'!$H$3,MIN('116替代方案模擬'!$J$3,'116替代方案模擬'!$D$3-'116替代方案模擬'!$F$3*($B51-1))),'116替代方案模擬'!$L$3/$B51)*'116替代方案模擬'!$L$4 -> 0.9784268
B52: 1.2 | C52: =IF(VLOOKUP($B52,原始參數_115!$E$2:$G$10,2,TRUE)<>1,VLOOKUP($B52,原始參數_115!$E$2:$G$10,2,TRUE),VLOOKUP($B52,原始參數_115!$E$2:$G$10,3,TRUE)/$B52) -> 1.01 | D52: =IF($B52>=1.8,0.7,IF($B52>=1.5,0.8,IF($B52>=1.35,0.9,IF($B52>=1,1.01,IF($B52>=0.8,1.02,1.03))))) -> 1.01 | E52: =IF($B52>=$E$3,$F$3*$G$3/$B52,IF($B52>=$E$4,$F$4,IF($B52>=$E$5,$F$5,$F$6*$G$6/$B52))) -> 1.01 | F52: =E52*$B52 -> 1.212 | G52: =IF($B52>='116替代方案模擬'!$H$2,('116替代方案模擬'!$H$2+'116替代方案模擬'!$D$2*($B52-'116替代方案模擬'!$H$2))*'116替代方案模擬'!$N$2/$B52,IF($B52>='116替代方案模擬'!$J$2,'116替代方案模擬'!$P$2,IF($B52>='116替代方案模擬'!$L$2,'116替代方案模擬'!$R$2,($B52+'116替代方案模擬'!$F$2*('116替代方案模擬'!$L$2-$B52))*'116替代方案模擬'!$R$2/$B52)))*'116替代方案模擬'!$H$4 -> 1.0148212 | H52: =MAX(1+MAX('116替代方案模擬'!$H$3,MIN('116替代方案模擬'!$J$3,'116替代方案模擬'!$D$3-'116替代方案模擬'!$F$3*($B52-1))),'116替代方案模擬'!$L$3/$B52)*'116替代方案模擬'!$L$4 -> 0.97592699 | I52: ←ver5_2 在 120% 連續（1.212/1.2＝1.01）
B53: 1.21 | C53: =IF(VLOOKUP($B53,原始參數_115!$E$2:$G$10,2,TRUE)<>1,VLOOKUP($B53,原始參數_115!$E$2:$G$10,2,TRUE),VLOOKUP($B53,原始參數_115!$E$2:$G$10,3,TRUE)/$B53) -> 1.01 | D53: =IF($B53>=1.8,0.7,IF($B53>=1.5,0.8,IF($B53>=1.35,0.9,IF($B53>=1,1.01,IF($B53>=0.8,1.02,1.03))))) -> 1.01 | E53: =IF($B53>=$E$3,$F$3*$G$3/$B53,IF($B53>=$E$4,$F$4,IF($B53>=$E$5,$F$5,$F$6*$G$6/$B53))) -> 1.0016529 | F53: =E53*$B53 -> 1.212 | G53: =IF($B53>='116替代方案模擬'!$H$2,('116替代方案模擬'!$H$2+'116替代方案模擬'!$D$2*($B53-'116替代方案模擬'!$H$2))*'116替代方案模擬'!$N$2/$B53,IF($B53>='116替代方案模擬'!$J$2,'116替代方案模擬'!$P$2,IF($B53>='116替代方案模擬'!$L$2,'116替代方案模擬'!$R$2,($B53+'116替代方案模擬'!$F$2*('116替代方案模擬'!$L$2-$B53))*'116替代方案模擬'!$R$2/$B53)))*'116替代方案模擬'!$H$4 -> 1.0106277 | H53: =MAX(1+MAX('116替代方案模擬'!$H$3,MIN('116替代方案模擬'!$J$3,'116替代方案模擬'!$D$3-'116替代方案模擬'!$F$3*($B53-1))),'116替代方案模擬'!$L$3/$B53)*'116替代方案模擬'!$L$4 -> 0.97342717
B54: 1.3 | C54: =IF(VLOOKUP($B54,原始參數_115!$E$2:$G$10,2,TRUE)<>1,VLOOKUP($B54,原始參數_115!$E$2:$G$10,2,TRUE),VLOOKUP($B54,原始參數_115!$E$2:$G$10,3,TRUE)/$B54) -> 0.9 | D54: =IF($B54>=1.8,0.7,IF($B54>=1.5,0.8,IF($B54>=1.35,0.9,IF($B54>=1,1.01,IF($B54>=0.8,1.02,1.03))))) -> 1.01 | E54: =IF($B54>=$E$3,$F$3*$G$3/$B54,IF($B54>=$E$4,$F$4,IF($B54>=$E$5,$F$5,$F$6*$G$6/$B54))) -> 0.93230769 | F54: =E54*$B54 -> 1.212 | G54: =IF($B54>='116替代方案模擬'!$H$2,('116替代方案模擬'!$H$2+'116替代方案模擬'!$D$2*($B54-'116替代方案模擬'!$H$2))*'116替代方案模擬'!$N$2/$B54,IF($B54>='116替代方案模擬'!$J$2,'116替代方案模擬'!$P$2,IF($B54>='116替代方案模擬'!$L$2,'116替代方案模擬'!$R$2,($B54+'116替代方案模擬'!$F$2*('116替代方案模擬'!$L$2-$B54))*'116替代方案模擬'!$R$2/$B54)))*'116替代方案模擬'!$H$4 -> 0.97578963 | H54: =MAX(1+MAX('116替代方案模擬'!$H$3,MIN('116替代方案模擬'!$J$3,'116替代方案模擬'!$D$3-'116替代方案模擬'!$F$3*($B54-1))),'116替代方案模擬'!$L$3/$B54)*'116替代方案模擬'!$L$4 -> 0.95092886
B55: 1.35 | C55: =IF(VLOOKUP($B55,原始參數_115!$E$2:$G$10,2,TRUE)<>1,VLOOKUP($B55,原始參數_115!$E$2:$G$10,2,TRUE),VLOOKUP($B55,原始參數_115!$E$2:$G$10,3,TRUE)/$B55) -> 0.9 | D55: =IF($B55>=1.8,0.7,IF($B55>=1.5,0.8,IF($B55>=1.35,0.9,IF($B55>=1,1.01,IF($B55>=0.8,1.02,1.03))))) -> 0.9 | E55: =IF($B55>=$E$3,$F$3*$G$3/$B55,IF($B55>=$E$4,$F$4,IF($B55>=$E$5,$F$5,$F$6*$G$6/$B55))) -> 0.89777778 | F55: =E55*$B55 -> 1.212 | G55: =IF($B55>='116替代方案模擬'!$H$2,('116替代方案模擬'!$H$2+'116替代方案模擬'!$D$2*($B55-'116替代方案模擬'!$H$2))*'116替代方案模擬'!$N$2/$B55,IF($B55>='116替代方案模擬'!$J$2,'116替代方案模擬'!$P$2,IF($B55>='116替代方案模擬'!$L$2,'116替代方案模擬'!$R$2,($B55+'116替代方案模擬'!$F$2*('116替代方案模擬'!$L$2-$B55))*'116替代方案模擬'!$R$2/$B55)))*'116替代方案模擬'!$H$4 -> 0.95844226 | H55: =MAX(1+MAX('116替代方案模擬'!$H$3,MIN('116替代方案模擬'!$J$3,'116替代方案模擬'!$D$3-'116替代方案模擬'!$F$3*($B55-1))),'116替代方案模擬'!$L$3/$B55)*'116替代方案模擬'!$L$4 -> 0.93842979
B56: 1.4 | C56: =IF(VLOOKUP($B56,原始參數_115!$E$2:$G$10,2,TRUE)<>1,VLOOKUP($B56,原始參數_115!$E$2:$G$10,2,TRUE),VLOOKUP($B56,原始參數_115!$E$2:$G$10,3,TRUE)/$B56) -> 0.9 | D56: =IF($B56>=1.8,0.7,IF($B56>=1.5,0.8,IF($B56>=1.35,0.9,IF($B56>=1,1.01,IF($B56>=0.8,1.02,1.03))))) -> 0.9 | E56: =IF($B56>=$E$3,$F$3*$G$3/$B56,IF($B56>=$E$4,$F$4,IF($B56>=$E$5,$F$5,$F$6*$G$6/$B56))) -> 0.86571429 | F56: =E56*$B56 -> 1.212 | G56: =IF($B56>='116替代方案模擬'!$H$2,('116替代方案模擬'!$H$2+'116替代方案模擬'!$D$2*($B56-'116替代方案模擬'!$H$2))*'116替代方案模擬'!$N$2/$B56,IF($B56>='116替代方案模擬'!$J$2,'116替代方案模擬'!$P$2,IF($B56>='116替代方案模擬'!$L$2,'116替代方案模擬'!$R$2,($B56+'116替代方案模擬'!$F$2*('116替代方案模擬'!$L$2-$B56))*'116替代方案模擬'!$R$2/$B56)))*'116替代方案模擬'!$H$4 -> 0.94233398 | H56: =MAX(1+MAX('116替代方案模擬'!$H$3,MIN('116替代方案模擬'!$J$3,'116替代方案模擬'!$D$3-'116替代方案模擬'!$F$3*($B56-1))),'116替代方案模擬'!$L$3/$B56)*'116替代方案模擬'!$L$4 -> 0.92593073
B57: 1.5 | C57: =IF(VLOOKUP($B57,原始參數_115!$E$2:$G$10,2,TRUE)<>1,VLOOKUP($B57,原始參數_115!$E$2:$G$10,2,TRUE),VLOOKUP($B57,原始參數_115!$E$2:$G$10,3,TRUE)/$B57) -> 0.8 | D57: =IF($B57>=1.8,0.7,IF($B57>=1.5,0.8,IF($B57>=1.35,0.9,IF($B57>=1,1.01,IF($B57>=0.8,1.02,1.03))))) -> 0.8 | E57: =IF($B57>=$E$3,$F$3*$G$3/$B57,IF($B57>=$E$4,$F$4,IF($B57>=$E$5,$F$5,$F$6*$G$6/$B57))) -> 0.808 | F57: =E57*$B57 -> 1.212 | G57: =IF($B57>='116替代方案模擬'!$H$2,('116替代方案模擬'!$H$2+'116替代方案模擬'!$D$2*($B57-'116替代方案模擬'!$H$2))*'116替代方案模擬'!$N$2/$B57,IF($B57>='116替代方案模擬'!$J$2,'116替代方案模擬'!$P$2,IF($B57>='116替代方案模擬'!$L$2,'116替代方案模擬'!$R$2,($B57+'116替代方案模擬'!$F$2*('116替代方案模擬'!$L$2-$B57))*'116替代方案模擬'!$R$2/$B57)))*'116替代方案模擬'!$H$4 -> 0.91333909 | H57: =MAX(1+MAX('116替代方案模擬'!$H$3,MIN('116替代方案模擬'!$J$3,'116替代方案模擬'!$D$3-'116替代方案模擬'!$F$3*($B57-1))),'116替代方案模擬'!$L$3/$B57)*'116替代方案模擬'!$L$4 -> 0.9009326
B58: 1.6 | C58: =IF(VLOOKUP($B58,原始參數_115!$E$2:$G$10,2,TRUE)<>1,VLOOKUP($B58,原始參數_115!$E$2:$G$10,2,TRUE),VLOOKUP($B58,原始參數_115!$E$2:$G$10,3,TRUE)/$B58) -> 0.8 | D58: =IF($B58>=1.8,0.7,IF($B58>=1.5,0.8,IF($B58>=1.35,0.9,IF($B58>=1,1.01,IF($B58>=0.8,1.02,1.03))))) -> 0.8 | E58: =IF($B58>=$E$3,$F$3*$G$3/$B58,IF($B58>=$E$4,$F$4,IF($B58>=$E$5,$F$5,$F$6*$G$6/$B58))) -> 0.7575 | F58: =E58*$B58 -> 1.212 | G58: =IF($B58>='116替代方案模擬'!$H$2,('116替代方案模擬'!$H$2+'116替代方案模擬'!$D$2*($B58-'116替代方案模擬'!$H$2))*'116替代方案模擬'!$N$2/$B58,IF($B58>='116替代方案模擬'!$J$2,'116替代方案模擬'!$P$2,IF($B58>='116替代方案模擬'!$L$2,'116替代方案模擬'!$R$2,($B58+'116替代方案模擬'!$F$2*('116替代方案模擬'!$L$2-$B58))*'116替代方案模擬'!$R$2/$B58)))*'116替代方案模擬'!$H$4 -> 0.88796856 | H58: =MAX(1+MAX('116替代方案模擬'!$H$3,MIN('116替代方案模擬'!$J$3,'116替代方案模擬'!$D$3-'116替代方案模擬'!$F$3*($B58-1))),'116替代方案模擬'!$L$3/$B58)*'116替代方案模擬'!$L$4 -> 0.87593447
B59: 1.8 | C59: =IF(VLOOKUP($B59,原始參數_115!$E$2:$G$10,2,TRUE)<>1,VLOOKUP($B59,原始參數_115!$E$2:$G$10,2,TRUE),VLOOKUP($B59,原始參數_115!$E$2:$G$10,3,TRUE)/$B59) -> 0.8 | D59: =IF($B59>=1.8,0.7,IF($B59>=1.5,0.8,IF($B59>=1.35,0.9,IF($B59>=1,1.01,IF($B59>=0.8,1.02,1.03))))) -> 0.7 | E59: =IF($B59>=$E$3,$F$3*$G$3/$B59,IF($B59>=$E$4,$F$4,IF($B59>=$E$5,$F$5,$F$6*$G$6/$B59))) -> 0.67333333 | F59: =E59*$B59 -> 1.212 | G59: =IF($B59>='116替代方案模擬'!$H$2,('116替代方案模擬'!$H$2+'116替代方案模擬'!$D$2*($B59-'116替代方案模擬'!$H$2))*'116替代方案模擬'!$N$2/$B59,IF($B59>='116替代方案模擬'!$J$2,'116替代方案模擬'!$P$2,IF($B59>='116替代方案模擬'!$L$2,'116替代方案模擬'!$R$2,($B59+'116替代方案模擬'!$F$2*('116替代方案模擬'!$L$2-$B59))*'116替代方案模擬'!$R$2/$B59)))*'116替代方案模擬'!$H$4 -> 0.84568434 | H59: =MAX(1+MAX('116替代方案模擬'!$H$3,MIN('116替代方案模擬'!$J$3,'116替代方案模擬'!$D$3-'116替代方案模擬'!$F$3*($B59-1))),'116替代方案模擬'!$L$3/$B59)*'116替代方案模擬'!$L$4 -> 0.82593821
B60: 2 | C60: =IF(VLOOKUP($B60,原始參數_115!$E$2:$G$10,2,TRUE)<>1,VLOOKUP($B60,原始參數_115!$E$2:$G$10,2,TRUE),VLOOKUP($B60,原始參數_115!$E$2:$G$10,3,TRUE)/$B60) -> 0.7 | D60: =IF($B60>=1.8,0.7,IF($B60>=1.5,0.8,IF($B60>=1.35,0.9,IF($B60>=1,1.01,IF($B60>=0.8,1.02,1.03))))) -> 0.7 | E60: =IF($B60>=$E$3,$F$3*$G$3/$B60,IF($B60>=$E$4,$F$4,IF($B60>=$E$5,$F$5,$F$6*$G$6/$B60))) -> 0.606 | F60: =E60*$B60 -> 1.212 | G60: =IF($B60>='116替代方案模擬'!$H$2,('116替代方案模擬'!$H$2+'116替代方案模擬'!$D$2*($B60-'116替代方案模擬'!$H$2))*'116替代方案模擬'!$N$2/$B60,IF($B60>='116替代方案模擬'!$J$2,'116替代方案模擬'!$P$2,IF($B60>='116替代方案模擬'!$L$2,'116替代方案模擬'!$R$2,($B60+'116替代方案模擬'!$F$2*('116替代方案模擬'!$L$2-$B60))*'116替代方案模擬'!$R$2/$B60)))*'116替代方案模擬'!$H$4 -> 0.81185697 | H60: =MAX(1+MAX('116替代方案模擬'!$H$3,MIN('116替代方案模擬'!$J$3,'116替代方案模擬'!$D$3-'116替代方案模擬'!$F$3*($B60-1))),'116替代方案模擬'!$L$3/$B60)*'116替代方案模擬'!$L$4 -> 0.79994015
B61: 2.14 | C61: =IF(VLOOKUP($B61,原始參數_115!$E$2:$G$10,2,TRUE)<>1,VLOOKUP($B61,原始參數_115!$E$2:$G$10,2,TRUE),VLOOKUP($B61,原始參數_115!$E$2:$G$10,3,TRUE)/$B61) -> 0.7 | D61: =IF($B61>=1.8,0.7,IF($B61>=1.5,0.8,IF($B61>=1.35,0.9,IF($B61>=1,1.01,IF($B61>=0.8,1.02,1.03))))) -> 0.7 | E61: =IF($B61>=$E$3,$F$3*$G$3/$B61,IF($B61>=$E$4,$F$4,IF($B61>=$E$5,$F$5,$F$6*$G$6/$B61))) -> 0.56635514 | F61: =E61*$B61 -> 1.212 | G61: =IF($B61>='116替代方案模擬'!$H$2,('116替代方案模擬'!$H$2+'116替代方案模擬'!$D$2*($B61-'116替代方案模擬'!$H$2))*'116替代方案模擬'!$N$2/$B61,IF($B61>='116替代方案模擬'!$J$2,'116替代方案模擬'!$P$2,IF($B61>='116替代方案模擬'!$L$2,'116替代方案模擬'!$R$2,($B61+'116替代方案模擬'!$F$2*('116替代方案模擬'!$L$2-$B61))*'116替代方案模擬'!$R$2/$B61)))*'116替代方案模擬'!$H$4 -> 0.79193992 | H61: =MAX(1+MAX('116替代方案模擬'!$H$3,MIN('116替代方案模擬'!$J$3,'116替代方案模擬'!$D$3-'116替代方案模擬'!$F$3*($B61-1))),'116替代方案模擬'!$L$3/$B61)*'116替代方案模擬'!$L$4 -> 0.79994015 | I61: ←新興分行；ver5_2 給 −42%
B63: 參、三套規則分組統計與比對（金額單位：億元；ver5_2 與原規則為連動公式，ver5_1 為靜態值）
B64: （一）ver5_2 現行 4 類
A65: 分類 | B65: 達成率區間 | C65: 家數 | D65: 115年化實績 | E65: 115年中調整後目標 | F65: 116成長目標 | G65: 116目標合計 | H65: 合計 vs 115實績 | I65: 合計 vs 115目標 | J65: 分行vs實績 中位(靜) | K65: 分行vs實績 最低(靜) | L65: 分行vs實績 最高(靜) | M65: 116目標<115實績 家數
A66: TYPE_1 | B66: =VLOOKUP($A66,$A$3:$B$6,2,0) -> 120%以上 | C66: =COUNTIF('116目標底稿ver1'!$A$8:$A$190,$A66) -> 47 | D66: =SUMIF('116目標底稿ver1'!$A$8:$A$190,$A66,'116目標底稿ver1'!$G$8:$G$190)/100000000 -> 43.550051 | E66: =SUMIF('116目標底稿ver1'!$A$8:$A$190,$A66,'116目標底稿ver1'!$I$8:$I$190)/100000000 -> 31.9018 | F66: =SUMIF('116目標底稿ver1'!$A$8:$A$190,$A66,'116目標底稿ver1'!$Q$8:$Q$190)/100000000 -> 38.6653 | G66: =SUMIF('116目標底稿ver1'!$A$8:$A$190,$A66,'116目標底稿ver1'!$Z$8:$Z$190)/100000000 -> 39.8393 | H66: =G66/D66-1 -> -0.085206585 | I66: =G66/E66-1 -> 0.24881041 | J66: -0.047745552 | K66: -0.42331489 | L66: 0.045165553 | M66: =SUMPRODUCT(('116目標底稿ver1'!$A$8:$A$190=$A66)*('116目標底稿ver1'!$Z$8:$Z$190<'116目標底稿ver1'!$G$8:$G$190)) -> 32
A67: TYPE_2 | B67: =VLOOKUP($A67,$A$3:$B$6,2,0) -> 100%以上，未達120% | C67: =COUNTIF('116目標底稿ver1'!$A$8:$A$190,$A67) -> 52 | D67: =SUMIF('116目標底稿ver1'!$A$8:$A$190,$A67,'116目標底稿ver1'!$G$8:$G$190)/100000000 -> 39.473515 | E67: =SUMIF('116目標底稿ver1'!$A$8:$A$190,$A67,'116目標底稿ver1'!$I$8:$I$190)/100000000 -> 35.8901 | F67: =SUMIF('116目標底稿ver1'!$A$8:$A$190,$A67,'116目標底稿ver1'!$Q$8:$Q$190)/100000000 -> 39.8679 | G67: =SUMIF('116目標底稿ver1'!$A$8:$A$190,$A67,'116目標底稿ver1'!$Z$8:$Z$190)/100000000 -> 41.1893 | H67: =G67/D67-1 -> 0.043466732 | I67: =G67/E67-1 -> 0.14765074 | J67: 0.043541694 | K67: 0.038141983 | L67: 0.05891094 | M67: =SUMPRODUCT(('116目標底稿ver1'!$A$8:$A$190=$A67)*('116目標底稿ver1'!$Z$8:$Z$190<'116目標底稿ver1'!$G$8:$G$190)) -> 0
A68: TYPE_3 | B68: =VLOOKUP($A68,$A$3:$B$6,2,0) -> 80%以上，未達100% | C68: =COUNTIF('116目標底稿ver1'!$A$8:$A$190,$A68) -> 53 | D68: =SUMIF('116目標底稿ver1'!$A$8:$A$190,$A68,'116目標底稿ver1'!$G$8:$G$190)/100000000 -> 28.657924 | E68: =SUMIF('116目標底稿ver1'!$A$8:$A$190,$A68,'116目標底稿ver1'!$I$8:$I$190)/100000000 -> 31.738 | F68: =SUMIF('116目標底稿ver1'!$A$8:$A$190,$A68,'116目標底稿ver1'!$Q$8:$Q$190)/100000000 -> 29.5179 | G68: =SUMIF('116目標底稿ver1'!$A$8:$A$190,$A68,'116目標底稿ver1'!$Z$8:$Z$190)/100000000 -> 30.6853 | H68: =G68/D68-1 -> 0.070744001 | I68: =G68/E68-1 -> -0.033168442 | J68: 0.0711234 | K68: 0.063378875 | L68: 0.083469457 | M68: =SUMPRODUCT(('116目標底稿ver1'!$A$8:$A$190=$A68)*('116目標底稿ver1'!$Z$8:$Z$190<'116目標底稿ver1'!$G$8:$G$190)) -> 0
A69: TYPE_4 | B69: =VLOOKUP($A69,$A$3:$B$6,2,0) -> 未達80% | C69: =COUNTIF('116目標底稿ver1'!$A$8:$A$190,$A69) -> 31 | D69: =SUMIF('116目標底稿ver1'!$A$8:$A$190,$A69,'116目標底稿ver1'!$G$8:$G$190)/100000000 -> 13.174503 | E69: =SUMIF('116目標底稿ver1'!$A$8:$A$190,$A69,'116目標底稿ver1'!$I$8:$I$190)/100000000 -> 18.3239 | F69: =SUMIF('116目標底稿ver1'!$A$8:$A$190,$A69,'116目標底稿ver1'!$Q$8:$Q$190)/100000000 -> 17.5909 | G69: =SUMIF('116目標底稿ver1'!$A$8:$A$190,$A69,'116目標底稿ver1'!$Z$8:$Z$190)/100000000 -> 18.2798 | H69: =G69/D69-1 -> 0.38751339 | I69: =G69/E69-1 -> -0.0024066929 | J69: 0.35185681 | K69: 0.2604144 | L69: 0.9176574 | M69: =SUMPRODUCT(('116目標底稿ver1'!$A$8:$A$190=$A69)*('116目標底稿ver1'!$Z$8:$Z$190<'116目標底稿ver1'!$G$8:$G$190)) -> 0
A70: 合計 | C70: =SUM(C66:C69) -> 183 | D70: =SUM(D66:D69) -> 124.85599 | E70: =SUM(E66:E69) -> 117.8538 | F70: =SUM(F66:F69) -> 125.642 | G70: =SUM(G66:G69) -> 129.9937 | H70: =G70/D70-1 -> 0.041149056 | I70: =G70/E70-1 -> 0.10300813 | M70: =SUM(M66:M69) -> 32
B71: 全行 116試算達成率 K（115年化業績÷116目標）： | E71: ='116目標底稿ver1'!K196 -> 0.96 | F71: （1.00＝照115年水準即可達成；0.96 表示全行需再成長約 4%）
B73: （二）115年原規則（9類）直接套用 116 年：成長目標合計已超過 130 億，綜合指標池為負，無法採用
B74: 達成率區間（底稿L欄） | C74: 家數 | D74: 115年化實績 | E74: 115年中調整後目標 | F74: 116成長目標(原規則N欄) | G74: 成長目標 vs 115實績 | H74: 成長目標 vs 115目標
B75: 200%以上 | C75: =COUNTIF('116目標底稿ver1'!$L$8:$L$190,$B75) -> 1 | D75: =SUMIF('116目標底稿ver1'!$L$8:$L$190,$B75,'116目標底稿ver1'!$G$8:$G$190)/100000000 -> 1.4668317 | E75: =SUMIF('116目標底稿ver1'!$L$8:$L$190,$B75,'116目標底稿ver1'!$I$8:$I$190)/100000000 -> 0.6839 | F75: =SUMIF('116目標底稿ver1'!$L$8:$L$190,$B75,'116目標底稿ver1'!$N$8:$N$190)/100000000 -> 1.0268 | G75: =F75/D75-1 -> -0.29998786 | H75: =F75/E75-1 -> 0.50138909
B76: 150%以上、未達200% | C76: =COUNTIF('116目標底稿ver1'!$L$8:$L$190,$B76) -> 6 | D76: =SUMIF('116目標底稿ver1'!$L$8:$L$190,$B76,'116目標底稿ver1'!$G$8:$G$190)/100000000 -> 7.7009235 | E76: =SUMIF('116目標底稿ver1'!$L$8:$L$190,$B76,'116目標底稿ver1'!$I$8:$I$190)/100000000 -> 4.7026 | F76: =SUMIF('116目標底稿ver1'!$L$8:$L$190,$B76,'116目標底稿ver1'!$N$8:$N$190)/100000000 -> 6.1607 | G76: =F76/D76-1 -> -0.20000504 | H76: =F76/E76-1 -> 0.31006252
B77: 130%以上、未達150% | C77: =COUNTIF('116目標底稿ver1'!$L$8:$L$190,$B77) -> 23 | D77: =SUMIF('116目標底稿ver1'!$L$8:$L$190,$B77,'116目標底稿ver1'!$G$8:$G$190)/100000000 -> 18.845669 | E77: =SUMIF('116目標底稿ver1'!$L$8:$L$190,$B77,'116目標底稿ver1'!$I$8:$I$190)/100000000 -> 13.8127 | F77: =SUMIF('116目標底稿ver1'!$L$8:$L$190,$B77,'116目標底稿ver1'!$N$8:$N$190)/100000000 -> 16.9609 | G77: =F77/D77-1 -> -0.10001073 | H77: =F77/E77-1 -> 0.22792068
B78: 120%以上、未達130% | C78: =COUNTIF('116目標底稿ver1'!$L$8:$L$190,$B78) -> 17 | D78: =SUMIF('116目標底稿ver1'!$L$8:$L$190,$B78,'116目標底稿ver1'!$G$8:$G$190)/100000000 -> 15.536627 | E78: =SUMIF('116目標底稿ver1'!$L$8:$L$190,$B78,'116目標底稿ver1'!$I$8:$I$190)/100000000 -> 12.7026 | F78: =SUMIF('116目標底稿ver1'!$L$8:$L$190,$B78,'116目標底稿ver1'!$N$8:$N$190)/100000000 -> 15.692 | G78: =F78/D78-1 -> 0.010000444 | H78: =F78/E78-1 -> 0.23533765
B79: 110%以上、未達120% | C79: =COUNTIF('116目標底稿ver1'!$L$8:$L$190,$B79) -> 27 | D79: =SUMIF('116目標底稿ver1'!$L$8:$L$190,$B79,'116目標底稿ver1'!$G$8:$G$190)/100000000 -> 22.303217 | E79: =SUMIF('116目標底稿ver1'!$L$8:$L$190,$B79,'116目標底稿ver1'!$I$8:$I$190)/100000000 -> 19.4216 | F79: =SUMIF('116目標底稿ver1'!$L$8:$L$190,$B79,'116目標底稿ver1'!$N$8:$N$190)/100000000 -> 22.9727 | G79: =F79/D79-1 -> 0.030017326 | H79: =F79/E79-1 -> 0.18284281
B80: 100%以上、未達110% | C80: =COUNTIF('116目標底稿ver1'!$L$8:$L$190,$B80) -> 25 | D80: =SUMIF('116目標底稿ver1'!$L$8:$L$190,$B80,'116目標底稿ver1'!$G$8:$G$190)/100000000 -> 17.170298 | E80: =SUMIF('116目標底稿ver1'!$L$8:$L$190,$B80,'116目標底稿ver1'!$I$8:$I$190)/100000000 -> 16.4685 | F80: =SUMIF('116目標底稿ver1'!$L$8:$L$190,$B80,'116目標底稿ver1'!$N$8:$N$190)/100000000 -> 18.0287 | G80: =F80/D80-1 -> 0.04999341 | H80: =F80/E80-1 -> 0.09473844
B81: 90%以上、未達100% | C81: =COUNTIF('116目標底稿ver1'!$L$8:$L$190,$B81) -> 29 | D81: =SUMIF('116目標底稿ver1'!$L$8:$L$190,$B81,'116目標底稿ver1'!$G$8:$G$190)/100000000 -> 17.093048 | E81: =SUMIF('116目標底稿ver1'!$L$8:$L$190,$B81,'116目標底稿ver1'!$I$8:$I$190)/100000000 -> 18.0469 | F81: =SUMIF('116目標底稿ver1'!$L$8:$L$190,$B81,'116目標底稿ver1'!$N$8:$N$190)/100000000 -> 18.9495 | G81: =F81/D81-1 -> 0.10860859 | H81: =F81/E81-1 -> 0.05001413
B82: 75%以上、未達90% | C82: =COUNTIF('116目標底稿ver1'!$L$8:$L$190,$B82) -> 36 | D82: =SUMIF('116目標底稿ver1'!$L$8:$L$190,$B82,'116目標底稿ver1'!$G$8:$G$190)/100000000 -> 17.228306 | E82: =SUMIF('116目標底稿ver1'!$L$8:$L$190,$B82,'116目標底稿ver1'!$I$8:$I$190)/100000000 -> 21.0377 | F82: =SUMIF('116目標底稿ver1'!$L$8:$L$190,$B82,'116目標底稿ver1'!$N$8:$N$190)/100000000 -> 23.1418 | G82: =F82/D82-1 -> 0.3432429 | H82: =F82/E82-1 -> 0.10001569
B83: 未達75% | C83: =COUNTIF('116目標底稿ver1'!$L$8:$L$190,$B83) -> 19 | D83: =SUMIF('116目標底稿ver1'!$L$8:$L$190,$B83,'116目標底稿ver1'!$G$8:$G$190)/100000000 -> 7.511073 | E83: =SUMIF('116目標底稿ver1'!$L$8:$L$190,$B83,'116目標底稿ver1'!$I$8:$I$190)/100000000 -> 10.9773 | F83: =SUMIF('116目標底稿ver1'!$L$8:$L$190,$B83,'116目標底稿ver1'!$N$8:$N$190)/100000000 -> 12.6241 | G83: =F83/D83-1 -> 0.68073189 | H83: =F83/E83-1 -> 0.15001867
B84: 合計 | C84: =SUM(C75:C83) -> 183 | D84: =SUM(D75:D83) -> 124.85599 | E84: =SUM(E75:E83) -> 117.8538 | F84: =SUM(F75:F83) -> 135.5572 | G84: =F84/D84-1 -> 0.085708391 | H84: =F84/E84-1 -> 0.15021493 | I84: 超出130億： | J84: =F84-130 -> 5.5572 | K84: 億元 → 綜合指標池為負
B86: （三）ver5_1（6類，靜態值，來源：ver5_1 檔 116目標底稿ver1）
A87: 分類 | B87: 達成率區間 | C87: 家數 | D87: 115年化實績 | E87: 115年中調整後目標 | F87: 116成長目標 | G87: 116目標合計 | H87: 合計 vs 115實績 | I87: 合計 vs 115目標 | J87: 分行vs實績 中位(靜) | K87: 分行vs實績 最低(靜) | L87: 分行vs實績 最高(靜) | M87: 116目標<115實績 家數
A88: TYPE_1 | B88: 180%以上 | C88: 3 | D88: 3.162955 | E88: 1.5821 | F88: 2.214 | G88: 2.294 | H88: =G88/D88-1 -> -0.27472884 | I88: =G88/E88-1 -> 0.44997156 | J88: -0.27282457 | K88: -0.28205806 | L88: -0.26710615 | M88: 3
A89: TYPE_2 | B89: 150%以上，未達180% | C89: 4 | D89: 6.0048002 | E89: 3.8044 | F89: 4.8038 | G89: 5.0055 | H89: =G89/D89-1 -> -0.1664169 | I89: =G89/E89-1 -> 0.31571338 | J89: -0.16566799 | K89: -0.17022224 | L89: -0.16427663 | M89: 4
A90: TYPE_3 | B90: 135%以上，未達150% | C90: 13 | D90: 10.466484 | E90: 7.4231 | F90: 9.4196 | G90: 9.8677 | H90: =G90/D90-1 -> -0.057209698 | I90: =G90/E90-1 -> 0.32932333 | J90: -0.056899794 | K90: -0.062932604 | L90: -0.029651537 | M90: 13
A91: TYPE_4 | B91: 100%以上，未達135% | C91: 79 | D91: 63.389327 | E91: 54.9823 | F91: 64.0229 | G91: 67.1541 | H91: =G91/D91-1 -> 0.059391279 | I91: =G91/E91-1 -> 0.2213767 | J91: 0.059435371 | K91: 0.049437655 | L91: 0.085742351 | M91: 0
A92: TYPE_5 | B92: 80%以上，未達100% | C92: 53 | D92: 28.657924 | E92: 31.738 | F92: 29.2312 | G92: 31.0377 | H92: =G92/D92-1 -> 0.083040775 | I92: =G92/E92-1 -> -0.022065032 | J92: 0.083803849 | K92: 0.071647969 | L92: 0.1024278 | M92: 0
A93: TYPE_6 | B93: 未達80% | C93: 31 | D93: 13.174503 | E93: 18.3239 | F93: 13.5696 | G93: 14.6356 | H93: =G93/D93-1 -> 0.11090335 | I93: =G93/E93-1 -> -0.20128357 | J93: 0.11082006 | K93: 0.096608504 | L93: 0.15220733 | M93: 0
A94: 合計 | C94: =SUM(C88:C93) -> 183 | D94: =SUM(D88:D93) -> 124.85599 | E94: =SUM(E88:E93) -> 117.8538 | F94: =SUM(F88:F93) -> 123.2611 | G94: =SUM(G88:G93) -> 129.9946 | H94: =G94/D94-1 -> 0.041156265 | I94: =G94/E94-1 -> 0.10301577 | M94: =SUM(M88:M93) -> 20
B96: （四）ver5_1 → ver5_2 改版對同一群分行的影響（以 ver5_2 分類歸戶；靜態值）
B97: ver5_2 分類 | C97: 家數 | D97: 115年化實績 | E97: ver5_1 116目標合計 | F97: ver5_2 116目標合計 | G97: 改版差異(ver5_2−ver5_1) | H97: ver5_1 合計vs實績 | I97: ver5_2 合計vs實績
B98: TYPE_1 | C98: 47 | D98: 43.550051 | E98: 42.4087 | F98: 39.8393 | G98: =F98-E98 -> -2.5694 | H98: =E98/D98-1 -> -0.026207802 | I98: =F98/D98-1 -> -0.085206585
B99: TYPE_2 | C99: 52 | D99: 39.473515 | E99: 41.9126 | F99: 41.1893 | G99: =F99-E99 -> -0.7233 | H99: =E99/D99-1 -> 0.06179041 | I99: =F99/D99-1 -> 0.043466732
B100: TYPE_3 | C100: 53 | D100: 28.657924 | E100: 31.0377 | F100: 30.6853 | G100: =F100-E100 -> -0.3524 | H100: =E100/D100-1 -> 0.083040775 | I100: =F100/D100-1 -> 0.070744001
B101: TYPE_4 | C101: 31 | D101: 13.174503 | E101: 14.6356 | F101: 18.2798 | G101: =F101-E101 -> 3.6442 | H101: =E101/D101-1 -> 0.11090335 | I101: =F101/D101-1 -> 0.38751339
B102: 合計 | C102: =SUM(C98:C101) -> 183 | D102: =SUM(D98:D101) -> 124.85599 | E102: =SUM(E98:E101) -> 129.9946 | F102: =SUM(F98:F101) -> 129.9937 | G102: =F102-E102 -> -0.0009 | H102: =E102/D102-1 -> 0.041156265 | I102: =F102/D102-1 -> 0.041149056
B103: 解讀：ver5_1 對兩端最寬鬆（高達成用實績×0.7–0.9、未達80%用實績×1.03），中段 100–135% 負擔最重；ver5_2 把高端改為「目標×1.212」、低端改為「目標×0.96」，等於把 ver5_1 讓給低端的約 3.6 億加回低端，兩端一起收緊，但 <80% 分行因此成為全行成長率最高的一群。
B105: 肆、現行 ver5_2 規則診斷（依使用者目標：達成好者少加、達成差者不要加太多）
B106: D1. 文字與參數不一致：本表 C4/D4 寫「成長3%／預估實績*103%」但 F4＝1.01；C5/D5 寫「成長5%／*105%」但 F5＝1.03。底稿 P 欄與「財管手收比較表_重點」I 欄顯示的公式文字因此與實算不符（實算 TYPE_2 ×1.01、TYPE_3 ×1.03），呈報前需二擇一修正。
B107: D2. 未達 80%（TYPE_4，31 家）成為全行成長率最高的一群：116合計較 115 年化實績 中位 +35%、最高 +92%（建成分行 達成率 0.52、台東分行 0.58），但其 116 目標僅等於 115 目標×0.96。這正是「直接放棄」風險區，與使用者目標相反。
B108: D3. 80% 門檻反向斷層：達成率 79% 的分行 116 成長目標＝115 目標×0.960，80% 的分行＝115 目標×0.824（實績×1.03）；愈差目標反而愈高，且形成「衝到 79% 就停」的誘因（見貳之曲線表 0.79／0.80 列）。
B109: D4. 120% 以上（TYPE_1，47 家）一律 115 目標×1.212、不看實績：32 家 116 目標低於 115 年化實績，最低 -42%（新興分行 達成率 2.14）；達成 121% 與 214% 套同一公式，組內公平性不足，釋出約 3.7 億缺口由其他三類吸收。
B110: D5. 分佈離散：115 達成率與「116 目標較實績成長」相關係數 -0.85（負向合理），但分行成長率分佈 -42% ～ +92%，中位 +5%；極端值集中在兩端分類。
B111: D6. 115 年原規則不可直接沿用：套用後成長目標合計 135.56 億 > 130 億（超出 5.56 億），且 <75% 的 19 家需 +47%～+110%。
B112: D7. 115 年化較 114 年實績平均 +142%（中位 +137%），屬高基期年；以 115 單年為唯一基期會把一次性大案帶入 116 目標。「兩年平均基期」經試算需 g0>50% 才能湊到總額，本年度不適用，但可作為剔除大案的敏感度檢核。
B113: D8. 其他檢核：116年參數表 G22／J23 為 REF 參照錯誤；重點呈報表標題「160億元版本」與欄名「85%／15%」與實際 130 億、96.7%／3.3% 不符；115_分行業績 公式引用外部檔 [11]；底稿_前2年手收20% 留有「要改!!!!」註記。
B115: 伍、替代方案模擬比較（Python 離線模擬，靜態值；每一方案皆校準至成長目標合計 125.64 億，綜合指標池與各分行綜合指標數不變；「vs實績」＝116目標合計÷115年化實績−1）
...

Sheet SUMMARYPLOT
A1: 115年 年化 達成率 | B1: 116年目標 vs.115年 業績成長 | C1: 116年目標 vs.115年 目標成長
A2: 1.46 | B2: -0.14349889 | C2: 0.25197381
A3: 0.69 | B3: 0.46449646 | C3: 0.0069386622
A4: 0.97 | B4: 0.069473133 | C4: 0.040705563
A5: 1.33 | B5: -0.059988865 | C5: 0.24933897
A6: 0.52 | B6: 0.9176574 | C6: 0.0012280702
A7: 0.92 | B7: 0.068700414 | C7: -0.016609624
A8: 1.21 | B8: 0.036014793 | C8: 0.250995
A9: 1.4 | B9: -0.11193955 | C9: 0.24583817
A10: 0.78 | B10: 0.29610727 | C10: 0.005002633
A11: 0.74 | B11: 0.34441074 | C11: -0.0043719522
A12: 1.53 | B12: -0.1867588 | C12: 0.24722413
A13: 1.19 | B13: 0.052397531 | C13: 0.25547553
... A184: 1.36 | B184: -0.060592675 | C184: 0.27389277

Sheet 116目標底稿ver1
B1: 1 | C1: 2 | D1: 3 | E1: 4 | F1: 5 | G1: 6 | H1: 7 | I1: 8 | J1: 9 | K1: 10 | L1: 11 | M1: 12 | N1: 13 | O1: 14 | P1: 15 | Q1: 16 | R1: 17 | S1: 18 | T1: 19 | U1: 20 | V1: 21 | W1: 22 | X1: 23 | Y1: 24 | Z1: 25 | AA1: 26 | AB1: 27 | AC1: 28
D2: 1 | G2: =SUM(G8:G190) -> 12485599369 | H2: =SUM(H8:H190) -> 8.177164e+09 | I2: =SUM(I8:I190) -> 11785380000 | M2: =SUM(M8:M190) -> 0 | N2: =SUM(N8:N190) -> 13555720000 | Q2: =SUM(Q8:Q190) -> 12564200000 | R2: =Y2/Z2 -> 0.033476238 | S2: =SUM(S8:S190) -> 87160004 | T2: =SUM(T8:T190) -> 108950000 | U2: =SUM(U8:U190) -> 108949988 | V2: =SUM(V8:V190) -> 108970603 | W2: =SUM(W8:W190) -> 21120000 | Y2: =SUM(Y8:Y190) -> 435170000 | Z2: =SUM(Z8:Z190) -> 12999370000 | AA2: 0.0301 | AC2: =SUM(AC8:AC190) -> 7149653500
G3: =G196 -> 12485599369 | H3: =H196 -> 8.177164e+09 | I3: =I196 -> 11785380000 | J3: =J196 -> 1.06 | K3: =K196 -> 0.96 | L3: =L196 -> 0 | M3: =M196 -> 0 | N3: =N196 -> 13555720000 | ... AB3: =AB196 -> 0.10300813
B4: ✽116年度營業單位財富管理業務手續費收入目標明細表 | L4: 116年成長目標 | S4: 116年綜合指標目標 | Z4: 116年目標合計 (以萬元為單位) | AA4: 116年目標 vs.115年 業績成長 | AB4: 116年目標 vs.115年 目標成長 | AC4: 客戶經營目標 (分行目標 X55%)
B5: 序號 | C5: 通路別 | D5: 單位 代號 | E5: 單位名稱 | F5: 115年組別 | G5: 115年1-9月 年化業績 (未刪除超過100%) | H5: 前2年 平均業績 (113~114年， 未刪除超過 100%) | I5: 115年年中 調整後目標 | J5: 115年 年化 達成率 | K5: 116年 試算 達成率 (115年化業績) | L5: 116年成長目標 原規則 年化達成 分類 | M5: 116年成長目標 原規則 計算公式 | N5: 116年成長目標 原規則 計算目標數 | O5: 116年成長目標 調整規則 年化達成 分類 | P5: 116年成長目標 調整規則 計算公式 | Q5: 116年成長目標 調整規則 計算目標數 | R5: 116年成長目標 調整規則 與原規則 目標差異數 | S5: 前2年 業績分攤指標 (刪除超過 100%) 20% | T5: 存款指標 25% | U5: 投資類 AUM指標 25% | V5: 人數指標 25% | W5: 組別指標 5% | X5: 尾差調整 | Y5: 116年綜合指標 目標數合計 (以萬元為單位)
G6: A | H6: B | I6: C | J6: D = A / C | K6: E = A / T | L6: F | M6: G | N6: H | O6: I | P6: J | Q6: K | R6: L | S6: M | T6: N | U6: O | V6: P | W6: Q | X6: R | Y6: S = ROUND( SUM(M:Q), -4)+R | Z6: T = K+S | AA6: U = T / A - 1 | AB6: V = T / C - 1 | AC6: W = T X 55%
A7: TYPE | B7: 序號 | C7: 通路別 | D7: 單位 代號 | E7: 單位名稱 | F7: 115年組別 | G7: 115年1-9月 年化業績 (未刪除超過100%) | H7: 前2年 平均業績 (113~114年， 未刪除超過 100%) | I7: 115年年中 調整後目標 | J7: 115年 年化 達成率 | K7: 116年 試算 達成率 (115年化業績) | L7: 116年成長目標 原規則 分類 | M7: 116年成長目標 原規則 計算公式 | N7: 116年成長目標 原規則 計算目標數 | O7: 116年成長目標 調整規則 分類 | P7: 116年成長目標 調整規則 計算公式 | Q7: 116年成長目標 調整規則 計算目標數 | R7: 116年成長目標 調整規則 與原規則 目標差異數 | S7: 前2年 業績分攤指標 (刪除超過 100%) 20% | T7: 存款指標 25% | U7: 投資類 AUM指標 25% | V7: 人數指標 25% | W7: 組別指標 5% | X7: 尾差調整 | Y7: 116年綜合指標 目標數合計 (以萬元為單位) | Z7: 116年目標合計 (以萬元為單位) | AA7: 116年目標 vs.115年 業績成長 | AB7: 116年目標 vs.115年 目標成長
A8: =IF(J8>='116目標底稿SUMMARY'!$E$3,"TYPE_1",IF(J8>='116目標底稿SUMMARY'!$E$4,"TYPE_2",IF(J8>='116目標底稿SUMMARY'!$E$5,"TYPE_3","TYPE_4"))) -> TYPE_1 | B8: 1 | C8: 北一區 | D8: 100 | E8: 營業部 | F8: =IF(ISERROR(VLOOKUP(D8,'115分組'!A:D,4,0)), "未分", VLOOKUP(D8,'115分組'!A:D,4,0)) -> 1 | G8: =ROUND(VLOOKUP(D8,'115_分行業績'!A:J,8,0), 0) -> 151815331 | H8: =(VLOOKUP(D8, '底稿_前2年手收20%'!A:G,7,0)+VLOOKUP(D8, '底稿_前2年手收20%'!O:U,7,0))/2 -> 74374340 | I8: =VLOOKUP(D8,'115_分行業績'!A:I,9,0) -> 103860000 | J8: =ROUND(G8/I8, 2) -> 1.46 | K8: =ROUND(G8/Z8, 2) -> 1.17 | L8: =IF(J8>= 2, "200%以上", IF(J8>= 1.5, "150%以上、未達200%", IF(J8>= 1.3, "130%以上、未達150%", IF(J8>= 1.2, "120%以上、未達130%", IF(J8>= 1.1, "110%以上、未達120%", IF(J8>= 1, "100%以上、未達110%", IF(J8>= 0.9, "90%以上、未達100%", IF(J8>= 0.75, "75%以上、未達90%", "未達75%")))))))) -> 130%以上、未達150% | M8: =IF(J8>= 2, "預估實績*70%", IF(J8>= 1.5, "預估實績*80%", IF(J8>= 1.3, "預估實績*90%", IF(J8>= 1.2, "預估實績*101%", IF(J8>= 1.1, "預估實績*103%", IF(J8>= 1, "預估實績105%", IF(J8>= 0.9, "分行目標105%", IF(J8>= 0.75, "分行目標110%", "分行目標115%")))))))) -> 預估實績*90% | N8: =IF(J8>= 2, ROUND(G8*0.7, -4), IF(J8>= 1.5, ROUND(G8*0.8, -4), IF(J8>= 1.3, ROUND(G8*0.9, -4), IF(J8>= 1.2, ROUND(G8*1.01, -4), IF(J8>= 1.1, ROUND(G8*1.03, -4), IF(J8>= 1, ROUND(G8*1.05, -4), IF(J8>= 0.9, ROUND(I8*1.05, -4), IF(J8>= 0.75, ROUND(I8*1.1, -4), ROUND(I8*1.15, -4))))))))) -> 136630000 | O8: =VLOOKUP(A8,'116目標底稿SUMMARY'!A:B,2,0) -> 120%以上 | P8: =VLOOKUP(A8,'116目標底稿SUMMARY'!A:D,4,0) -> 分行目標*120%*101% | Q8: =ROUND(IF(A8 = "TYPE_1", I8*'116目標底稿SUMMARY'!$F$3*'116目標底稿SUMMARY'!$G$3, IF(A8 = "TYPE_2", G8*'116目標底稿SUMMARY'!$F$4, IF(A8 = "TYPE_3", G8*'116目標底稿SUMMARY'!$F$5, '116目標底稿ver1'!I8*'116目標底稿SUMMARY'!$F$6*'116目標底稿SUMMARY'!$G$6))), -4) -> 125880000 | R8: =Q8-N8 -> -10750000 | S8: =VLOOKUP(D8,'116指標1_前2年手收20%'!A:M,13,0) -> 772798 | T8: =VLOOKUP(D8,'116指標2_存款25%'!A:F,6,0) -> 1187744 | U8: =VLOOKUP(D8,'116指標6_理財AUM25%'!A:F,6,0) -> 847588 | V8: =VLOOKUP(D8,'116指標4_114分行人數25%'!A:Q,17,0) -> 1154551 | W8: =VLOOKUP(F8,'115分組'!D:F,3,0) -> 190000 | Y8: =ROUND(SUM(S8:W8), -4)+X8 -> 4150000 | Z8: =Q8+Y8 -> 130030000 | AA8: =Z8/G8 -1 -> -0.14349889 | AB8: =Z8/I8 -1 -> 0.25197381 | AC8: =Z8*0.55 -> 71516500
A9: =IF(J9>='116目標底稿SUMMARY'!$E$3,"TYPE_1",IF(J9>='116目標底稿SUMMARY'!$E$4,"TYPE_2",IF(J9>='116目標底稿SUMMARY'!$E$5,"TYPE_3","TYPE_4"))) -> TYPE_4 | B9: 2 | C9: 北一區 | D9: 101 | E9: 儲蓄分行 | F9: =IF(ISERROR(VLOOKUP(D9,'115分組'!A:D,4,0)), "未分", VLOOKUP(D9,'115分組'!A:D,4,0)) -> 3 | G9: =ROUND(VLOOKUP(D9,'115_分行業績'!A:J,8,0), 0) -> 24773020 | H9: =(VLOOKUP(D9, '底稿_前2年手收20%'!A:G,7,0)+VLOOKUP(D9, '底稿_前2年手收20%'!O:U,7,0))/2 -> 16897912 | I9: =VLOOKUP(D9,'115_分行業績'!A:I,9,0) -> 36030000 | J9: =ROUND(G9/I9, 2) -> 0.69 | K9: =ROUND(G9/Z9, 2) -> 0.68 | L9: =IF(J9>= 2, "200%以上", IF(J9>= 1.5, "150%以上、未達200%", IF(J9>= 1.3, "130%以上、未達150%", IF(J9>= 1.2, "120%以上、未達130%", IF(J9>= 1.1, "110%以上、未達120%", IF(J9>= 1, "100%以上、未達110%", IF(J9>= 0.9, "90%以上、未達100%", IF(J9>= 0.75, "75%以上、未達90%", "未達75%")))))))) -> 未達75% | M9: =IF(J9>= 2, "預估實績*70%", IF(J9>= 1.5, "預估實績*80%", IF(J9>= 1.3, "預估實績*90%", IF(J9>= 1.2, "預估實績*101%", IF(J9>= 1.1, "預估實績*103%", IF(J9>= 1, "預估實績105%", IF(J9>= 0.9, "分行目標105%", IF(J9>= 0.75, "分行目標110%", "分行目標115%")))))))) -> 分行目標115% | N9: =IF(J9>= 2, ROUND(G9*0.7, -4), IF(J9>= 1.5, ROUND(G9*0.8, -4), IF(J9>= 1.3, ROUND(G9*0.9, -4), IF(J9>= 1.2, ROUND(G9*1.01, -4), IF(J9>= 1.1, ROUND(G9*1.03, -4), IF(J9>= 1, ROUND(G9*1.05, -4), IF(J9>= 0.9, ROUND(I9*1.05, -4), IF(J9>= 0.75, ROUND(I9*1.1, -4), ROUND(I9*1.15, -4))))))))) -> 41430000 | O9: =VLOOKUP(A9,'116目標底稿SUMMARY'!A:B,2,0) -> 未達80% | P9: =VLOOKUP(A9,'116目標底稿SUMMARY'!A:D,4,0) -> 分行目標*80%*120% | Q9: =ROUND(IF(A9 = "TYPE_1", I9*'116目標底稿SUMMARY'!$F$3*'116目標底稿SUMMARY'!$G$3, IF(A9 = "TYPE_2", G9*'116目標底稿SUMMARY'!$F$4, IF(A9 = "TYPE_3", G9*'116目標底稿SUMMARY'!$F$5, '116目標底稿ver1'!I9*'116目標底稿SUMMARY'!$F$6*'116目標底稿SUMMARY'!$G$6))), -4) -> 34590000 | R9: =Q9-N9 -> -6840000 | S9: =VLOOKUP(D9,'116指標1_前2年手收20%'!A:M,13,0) -> 200971 | T9: =VLOOKUP(D9,'116指標2_存款25%'!A:F,6,0) -> 494536 | U9: =VLOOKUP(D9,'116指標6_理財AUM25%'!A:F,6,0) -> 265249 | V9: =VLOOKUP(D9,'116指標4_114分行人數25%'!A:Q,17,0) -> 577276 | W9: =VLOOKUP(F9,'115分組'!D:F,3,0) -> 150000 | Y9: =ROUND(SUM(S9:W9), -4)+X9 -> 1690000 | Z9: =Q9+Y9 -> 36280000 | AA9: =Z9/G9 -1 -> 0.46449646 | AB9: =Z9/I9 -1 -> 0.0069386622 | AC9: =Z9*0.55 -> 19954000
A10: =IF(J10>='116目標底稿SUMMARY'!$E$3,"TYPE_1",IF(J10>='116目標底稿SUMMARY'!$E$4,"TYPE_2",IF(J10>='116目標底稿SUMMARY'!$E$5,"TYPE_3","TYPE_4"))) -> TYPE_3 | B10: 3 | C10: 北一區 | D10: 103 | E10: 城內分行 | F10: =IF(ISERROR(VLOOKUP(D10,'115分組'!A:D,4,0)), "未分", VLOOKUP(D10,'115分組'!A:D,4,0)) -> 3 | G10: =ROUND(VLOOKUP(D10,'115_分行業績'!A:J,8,0), 0) -> 43030534 | H10: =(VLOOKUP(D10, '底稿_前2年手收20%'!A:G,7,0)+VLOOKUP(D10, '底稿_前2年手收20%'!O:U,7,0))/2 -> 30352974 | I10: =VLOOKUP(D10,'115_分行業績'!A:I,9,0) -> 44220000 | J10: =ROUND(G10/I10, 2) -> 0.97 | K10: =ROUND(G10/Z10, 2) -> 0.94 | L10: =IF(J10>= 2, "200%以上", IF(J10>= 1.5, "150%以上、未達200%", IF(J10>= 1.3, "130%以上、未達150%", IF(J10>= 1.2, "120%以上、未達130%", IF(J10>= 1.1, "110%以上、未達120%", IF(J10>= 1, "100%以上、未達110%", IF(J10>= 0.9, "90%以上、未達100%", IF(J10>= 0.75, "75%以上、未達90%", "未達75%")))))))) -> 90%以上、未達100% | M10: =IF(J10>= 2, "預估實績*70%", IF(J10>= 1.5, "預估實績*80%", IF(J10>= 1.3, "預估實績*90%", IF(J10>= 1.2, "預估實績*101%", IF(J10>= 1.1, "預估實績*103%", IF(J10>= 1, "預估實績105%", IF(J10>= 0.9, "分行目標105%", IF(J10>= 0.75, "分行目標110%", "分行目標115%")))))))) -> 分行目標105% | N10: =IF(J10>= 2, ROUND(G10*0.7, -4), IF(J10>= 1.5, ROUND(G10*0.8, -4), IF(J10>= 1.3, ROUND(G10*0.9, -4), IF(J10>= 1.2, ROUND(G10*1.01, -4), IF(J10>= 1.1, ROUND(G10*1.03, -4), IF(J10>= 1, ROUND(G10*1.05, -4), IF(J10>= 0.9, ROUND(I10*1.05, -4), IF(J10>= 0.75, ROUND(I10*1.1, -4), ROUND(I10*1.15, -4))))))))) -> 46430000 | O10: =VLOOKUP(A10,'116目標底稿SUMMARY'!A:B,2,0) -> 80%以上，未達100% | P10: =VLOOKUP(A10,'116目標底稿SUMMARY'!A:D,4,0) -> 預估實績*105% | Q10: =ROUND(IF(A10 = "TYPE_1", I10*'116目標底稿SUMMARY'!$F$3*'116目標底稿SUMMARY'!$G$3, IF(A10 = "TYPE_2", G10*'116目標底稿SUMMARY'!$F$4, IF(A10 = "TYPE_3", G10*'116目標底稿SUMMARY'!$F$5, '116目標底稿ver1'!I10*'116目標底稿SUMMARY'!$F$6*'116目標底稿SUMMARY'!$G$6))), -4) -> 44320000 | R10: =Q10-N10 -> -2110000 | S10: =VLOOKUP(D10,'116指標1_前2年手收20%'!A:M,13,0) -> 356853 | T10: =VLOOKUP(D10,'116指標2_存款25%'!A:F,6,0) -> 373499 | U10: =VLOOKUP(D10,'116指標6_理財AUM25%'!A:F,6,0) -> 264648 | V10: =VLOOKUP(D10,'116指標4_114分行人數25%'!A:Q,17,0) -> 557370 | W10: =VLOOKUP(F10,'115分組'!D:F,3,0) -> 150000 | Y10: =ROUND(SUM(S10:W10), -4)+X10 -> 1700000 | Z10: =Q10+Y10 -> 46020000 | AA10: =Z10/G10 -1 -> 0.069473133 | AB10: =Z10/I10 -1 -> 0.040705563 | AC10: =Z10*0.55 -> 25311000
A11: =IF(J11>='116目標底稿SUMMARY'!$E$3,"TYPE_1",IF(J11>='116目標底稿SUMMARY'!$E$4,"TYPE_2",IF(J11>='116目標底稿SUMMARY'!$E$5,"TYPE_3","TYPE_4"))) -> TYPE_1 | B11: 4 | C11: 北一區 | D11: 104 | E11: 大稻埕分行 | F11: =IF(ISERROR(VLOOKUP(D11,'115分組'!A:D,4,0)), "未分", VLOOKUP(D11,'115分組'!A:D,4,0)) -> 2 | G11: =ROUND(VLOOKUP(D11,'115_分行業績'!A:J,8,0), 0) -> 100530724 | H11: =(VLOOKUP(D11, '底稿_前2年手收20%'!A:G,7,0)+VLOOKUP(D11, '底稿_前2年手收20%'!O:U,7,0))/2 -> 55965333 | I11: =VLOOKUP(D11,'115_分行業績'!A:I,9,0) -> 75640000 | J11: =ROUND(G11/I11, 2) -> 1.33 | K11: =ROUND(G11/Z11, 2) -> 1.06 | L11: =IF(J11>= 2, "200%以上", IF(J11>= 1.5, "150%以上、未達200%", IF(J11>= 1.3, "130%以上、未達150%", IF(J11>= 1.2, "120%以上、未達130%", IF(J11>= 1.1, "110%以上、未達120%", IF(J11>= 1, "100%以上、未達110%", IF(J11>= 0.9, "90%以上、未達100%", IF(J11>= 0.75, "75%以上、未達90%", "未達75%")))))))) -> 130%以上、未達150% | M11: =IF(J11>= 2, "預估實績*70%", IF(J11>= 1.5, "預估實績*80%", IF(J11>= 1.3, "預估實績*90%", IF(J11>= 1.2, "預估實績*101%", IF(J11>= 1.1, "預估實績*103%", IF(J11>= 1, "預估實績105%", IF(J11>= 0.9, "分行目標105%", IF(J11>= 0.75, "分行目標110%", "分行目標115%")))))))) -> 預估實績*90% | N11: =IF(J11>= 2, ROUND(G11*0.7, -4), IF(J11>= 1.5, ROUND(G11*0.8, -4), IF(J11>= 1.3, ROUND(G11*0.9, -4), IF(J11>= 1.2, ROUND(G11*1.01, -4), IF(J11>= 1.1, ROUND(G11*1.03, -4), IF(J11>= 1, ROUND(G11*1.05, -4), IF(J11>= 0.9, ROUND(I11*1.05, -4), IF(J11>= 0.75, ROUND(I11*1.1, -4), ROUND(I11*1.15, -4))))))))) -> 90480000 | O11: =VLOOKUP(A11,'116目標底稿SUMMARY'!A:B,2,0) -> 120%以上 | P11: =VLOOKUP(A11,'116目標底稿SUMMARY'!A:D,4,0) -> 分行目標*120%*101% | Q11: =ROUND(IF(A11 = "TYPE_1", I11*'116目標底稿SUMMARY'!$F$3*'116目標底稿SUMMARY'!$G$3, IF(A11 = "TYPE_2", G11*'116目標底稿SUMMARY'!$F$4, IF(A11 = "TYPE_3", G11*'116目標底稿SUMMARY'!$F$5, '116目標底稿ver1'!I11*'116目標底稿SUMMARY'!$F$6*'116目標底稿SUMMARY'!$G$6))), -4) -> 91680000 | R11: =Q11-N11 -> 1200000 | S11: =VLOOKUP(D11,'116指標1_前2年手收20%'!A:M,13,0) -> 593231 | T11: =VLOOKUP(D11,'116指標2_存款25%'!A:F,6,0) -> 802456 | U11: =VLOOKUP(D11,'116指標6_理財AUM25%'!A:F,6,0) -> 655029 | V11: =VLOOKUP(D11,'116指標4_114分行人數25%'!A:Q,17,0) -> 597182 | W11: =VLOOKUP(F11,'115分組'!D:F,3,0) -> 170000 | Y11: =ROUND(SUM(S11:W11), -4)+X11 -> 2820000 | Z11: =Q11+Y11 -> 94500000 | AA11: =Z11/G11 -1 -> -0.059988865 | AB11: =Z11/I11 -1 -> 0.24933897 | AC11: =Z11*0.55 -> 51975000
A12: =IF(J12>='116目標底稿SUMMARY'!$E$3,"TYPE_1",IF(J12>='116目標底稿SUMMARY'!$E$4,"TYPE_2",IF(J12>='116目標底稿SUMMARY'!$E$5,"TYPE_3","TYPE_4"))) -> TYPE_4 | B12: 5 | C12: 北一區 | D12: 105 | E12: 建成分行 | F12: =IF(ISERROR(VLOOKUP(D12,'115分組'!A:D,4,0)), "未分", VLOOKUP(D12,'115分組'!A:D,4,0)) -> 1 | G12: =ROUND(VLOOKUP(D12,'115_分行業績'!A:J,8,0), 0) -> 29760269 | H12: =(VLOOKUP(D12, '底稿_前2年手收20%'!A:G,7,0)+VLOOKUP(D12, '底稿_前2年手收20%'!O:U,7,0))/2 -> 34286984 | I12: =VLOOKUP(D12,'115_分行業績'!A:I,9,0) -> 57000000 | J12: =ROUND(G12/I12, 2) -> 0.52 | K12: =ROUND(G12/Z12, 2) -> 0.52 | L12: =IF(J12>= 2, "200%以上", IF(J12>= 1.5, "150%以上、未達200%", IF(J12>= 1.3, "130%以上、未達150%", IF(J12>= 1.2, "120%以上、未達130%", IF(J12>= 1.1, "110%以上、未達120%", IF(J12>= 1, "100%以上、未達110%", IF(J12>= 0.9, "90%以上、未達100%", IF(J12>= 0.75, "75%以上、未達90%", "未達75%")))))))) -> 未達75% | M12: =IF(J12>= 2, "預估實績*70%", IF(J12>= 1.5, "預估實績*80%", IF(J12>= 1.3, "預估實績*90%", IF(J12>= 1.2, "預估實績*101%", IF(J12>= 1.1, "預估實績*103%", IF(J12>= 1, "預估實績105%", IF(J12>= 0.9, "分行目標105%", IF(J12>= 0.75, "分行目標110%", "分行目標115%")))))))) -> 分行目標115% | N12: =IF(J12>= 2, ROUND(G12*0.7, -4), IF(J12>= 1.5, ROUND(G12*0.8, -4), IF(J12>= 1.3, ROUND(G12*0.9, -4), IF(J12>= 1.2, ROUND(G12*1.01, -4), IF(J12>= 1.1, ROUND(G12*1.03, -4), IF(J12>= 1, ROUND(G12*1.05, -4), IF(J12>= 0.9, ROUND(I12*1.05, -4), IF(J12>= 0.75, ROUND(I12*1.1, -4), ROUND(I12*1.15, -4))))))))) -> 65550000 | O12: =VLOOKUP(A12,'116目標底稿SUMMARY'!A:B,2,0) -> 未達80% | P12: =VLOOKUP(A12,'116目標底稿SUMMARY'!A:D,4,0) -> 分行目標*80%*120% | Q12: =ROUND(IF(A12 = "TYPE_1", I12*'116目標底稿SUMMARY'!$F$3*'116目標底稿SUMMARY'!$G$3, IF(A12 = "TYPE_2", G12*'116目標底稿SUMMARY'!$F$4, IF(A12 = "TYPE_3", G12*'116目標底稿SUMMARY'!$F$5, '116目標底稿ver1'!I12*'116目標底稿SUMMARY'!$F$6*'116目標底稿SUMMARY'!$G$6))), -4) -> 54720000 | R12: =Q12-N12 -> -10830000 | S12: =VLOOKUP(D12,'116指標1_前2年手收20%'!A:M,13,0) -> 392914 | T12: =VLOOKUP(D12,'116指標2_存款25%'!A:F,6,0) -> 557316 | U12: =VLOOKUP(D12,'116指標6_理財AUM25%'!A:F,6,0) -> 492021 | V12: =VLOOKUP(D12,'116指標4_114分行人數25%'!A:Q,17,0) -> 716618 | W12: =VLOOKUP(F12,'115分組'!D:F,3,0) -> 190000 | Y12: =ROUND(SUM(S12:W12), -4)+X12 -> 2350000 | Z12: =Q12+Y12 -> 57070000 | AA12: =Z12/G12 -1 -> 0.9176574 | AB12: =Z12/I12 -1 -> 0.0012280702 | AC12: =Z12*0.55 -> 31388500
A13: =IF(J13>='116目標底稿SUMMARY'!$E$3,"TYPE_1",IF(J13>='116目標底稿SUMMARY'!$E$4,"TYPE_2",IF(J13>='116目標底稿SUMMARY'!$E$5,"TYPE_3","TYPE_4"))) -> TYPE_3 | B13: 6 | C13: 北一區 | D13: 106 | E13: 中山分行 | F13: =IF(ISERROR(VLOOKUP(D13,'115分組'!A:D,4,0)), "未分", VLOOKUP(D13,'115分組'!A:D,4,0)) -> 1 | G13: =ROUND(VLOOKUP(D13,'115_分行業績'!A:J,8,0), 0) -> 91410089 | H13: =(VLOOKUP(D13, '底稿_前2年手收20%'!A:G,7,0)+VLOOKUP(D13, '底稿_前2年手收20%'!O:U,7,0))/2 -> 63329003 | I13: =VLOOKUP(D13,'115_分行業績'!A:I,9,0) -> 99340000 | J13: =ROUND(G13/I13, 2) -> 0.92 | K13: =ROUND(G13/Z13, 2) -> 0.94 | L13: =IF(J13>= 2, "200%以上", IF(J13>= 1.5, "150%以上、未達200%", IF(J13>= 1.3, "130%以上、未達150%", IF(J13>= 1.2, "120%以上、未達130%", IF(J13>= 1.1, "110%以上、未達120%", IF(J13>= 1, "100%以上、未達110%", IF(J13>= 0.9, "90%以上、未達100%", IF(J13>= 0.75, "75%以上、未達90%", "未達75%")))))))) -> 90%以上、未達100% | M13: =IF(J13>= 2, "預估實績*70%", IF(J13>= 1.5, "預估實績*80%", IF(J13>= 1.3, "預估實績*90%", IF(J13>= 1.2, "預估實績*101%", IF(J13>= 1.1, "預估實績*103%", IF(J13>= 1, "預估實績105%", IF(J13>= 0.9, "分行目標105%", IF(J13>= 0.75, "分行目標110%", "分行目標115%")))))))) -> 分行目標105% | N13: =IF(J13>= 2, ROUND(G13*0.7, -4), IF(J13>= 1.5, ROUND(G13*0.8, -4), IF(J13>= 1.3, ROUND(G13*0.9, -4), IF(J13>= 1.2, ROUND(G13*1.01, -4), IF(J13>= 1.1, ROUND(G13*1.03, -4), IF(J13>= 1, ROUND(G13*1.05, -4), IF(J13>= 0.9, ROUND(I13*1.05, -4), IF(J13>= 0.75, ROUND(I13*1.1, -4), ROUND(I13*1.15, -4))))))))) -> 104310000 | O13: =VLOOKUP(A13,'116目標底稿SUMMARY'!A:B,2,0) -> 80%以上，未達100% | P13: =VLOOKUP(A13,'116目標底稿SUMMARY'!A:D,4,0) -> 預估實績*105% | Q13: =ROUND(IF(A13 = "TYPE_1", I13*'116目標底稿SUMMARY'!$F$3*'116目標底稿SUMMARY'!$G$3, IF(A13 = "TYPE_2", G13*'116目標底稿SUMMARY'!$F$4, IF(A13 = "TYPE_3", G13*'116目標底稿SUMMARY'!$F$5, '116目標底稿ver1'!I13*'116目標底稿SUMMARY'!$F$6*'116目標底稿SUMMARY'!$G$6))), -4) -> 94150000 | R13: =Q13-N13 -> -10160000 | S13: =VLOOKUP(D13,'116指標1_前2年手收20%'!A:M,13,0) -> 708835 | T13: =VLOOKUP(D13,'116指標2_存款25%'!A:F,6,0) -> 853019 | U13: =VLOOKUP(D13,'116指標6_理財AUM25%'!A:F,6,0) -> 956135 | V13: =VLOOKUP(D13,'116指標4_114分行人數25%'!A:Q,17,0) -> 836054 | W13: =VLOOKUP(F13,'115分組'!D:F,3,0) -> 190000 | Y13: =ROUND(SUM(S13:W13), -4)+X13 -> 3540000 | Z13: =Q13+Y13 -> 97690000 | AA13: =Z13/G13 -1 -> 0.068700414 | AB13: =Z13/I13 -1 -> -0.016609624 | AC13: =Z13*0.55 -> 53729500
A14: =IF(J14>='116目標底稿SUMMARY'!$E$3,"TYPE_1",IF(J14>='116目標底稿SUMMARY'!$E$4,"TYPE_2",IF(J14>='116目標底稿SUMMARY'!$E$5,"TYPE_3","TYPE_4"))) -> TYPE_1 | B14: 7 | C14: 北一區 | D14: 107 | E14: 圓山分行 | F14: =IF(ISERROR(VLOOKUP(D14,'115分組'!A:D,4,0)), "未分", VLOOKUP(D14,'115分組'!A:D,4,0)) -> 1 | G14: =ROUND(VLOOKUP(D14,'115_分行業績'!A:J,8,0), 0) -> 142594489 | H14: =(VLOOKUP(D14, '底稿_前2年手收20%'!A:G,7,0)+VLOOKUP(D14, '底稿_前2年手收20%'!O:U,7,0))/2 -> 98548011 | I14: =VLOOKUP(D14,'115_分行業績'!A:I,9,0) -> 118090000 | J14: =ROUND(G14/I14, 2) -> 1.21 | K14: =ROUND(G14/Z14, 2) -> 0.97 | L14: =IF(J14>= 2, "200%以上", IF(J14>= 1.5, "150%以上、未達200%", IF(J14>= 1.3, "130%以上、未達150%", IF(J14>= 1.2, "120%以上、未達130%", IF(J14>= 1.1, "110%以上、未達120%", IF(J14>= 1, "100%以上、未達110%", IF(J14>= 0.9, "90%以上、未達100%", IF(J14>= 0.75, "75%以上、未達90%", "未達75%")))))))) -> 120%以上、未達130% | M14: =IF(J14>= 2, "預估實績*70%", IF(J14>= 1.5, "預估實績*80%", IF(J14>= 1.3, "預估實績*90%", IF(J14>= 1.2, "預估實績*101%", IF(J14>= 1.1, "預估實績*103%", IF(J14>= 1, "預估實績105%", IF(J14>= 0.9, "分行目標105%", IF(J14>= 0.75, "分行目標110%", "分行目標115%")))))))) -> 預估實績*101% | N14: =IF(J14>= 2, ROUND(G14*0.7, -4), IF(J14>= 1.5, ROUND(G14*0.8, -4), IF(J14>= 1.3, ROUND(G14*0.9, -4), IF(J14>= 1.2, ROUND(G14*1.01, -4), IF(J14>= 1.1, ROUND(G14*1.03, -4), IF(J14>= 1, ROUND(G14*1.05, -4), IF(J14>= 0.9, ROUND(I14*1.05, -4), IF(J14>= 0.75, ROUND(I14*1.1, -4), ROUND(I14*1.15, -4))))))))) -> 144020000 | O14: =VLOOKUP(A14,'116目標底稿SUMMARY'!A:B,2,0) -> 120%以上 | P14: =VLOOKUP(A14,'116目標底稿SUMMARY'!A:D,4,0) -> 分行目標*120%*101% | Q14: =ROUND(IF(A14 = "TYPE_1", I14*'116目標底稿SUMMARY'!$F$3*'116目標底稿SUMMARY'!$G$3, IF(A14 = "TYPE_2", G14*'116目標底稿SUMMARY'!$F$4, IF(A14 = "TYPE_3", G14*'116目標底稿SUMMARY'!$F$5, '116目標底稿ver1'!I14*'116目標底稿SUMMARY'!$F$6*'116目標底稿SUMMARY'!$G$6))), -4) -> 143130000 | R14: =Q14-N14 -> -890000 | S14: =VLOOKUP(D14,'116指標1_前2年手收20%'!A:M,13,0) -> 987496 | T14: =VLOOKUP(D14,'116指標2_存款25%'!A:F,6,0) -> 1053092 | U14: =VLOOKUP(D14,'116指標6_理財AUM25%'!A:F,6,0) -> 1312004 | V14: =VLOOKUP(D14,'116指標4_114分行人數25%'!A:Q,17,0) -> 1055021 | W14: =VLOOKUP(F14,'115分組'!D:F,3,0) -> 190000 | Y14: =ROUND(SUM(S14:W14), -4)+X14 -> 4600000 | Z14: =Q14+Y14 -> 147730000 | AA14: =Z14/G14 -1 -> 0.036014793 | AB14: =Z14/I14 -1 -> 0.250995 | AC14: =Z14*0.55 -> 81251500
A15: =IF(J15>='116目標底稿SUMMARY'!$E$3,"TYPE_1",IF(J15>='116目標底稿SUMMARY'!$E$4,"TYPE_2",IF(J15>='116目標底稿SUMMARY'!$E$5,"TYPE_3","TYPE_4"))) -> TYPE_1 | B15: 8 | C15: 北一區 | D15: 108 | E15: 城東分行 | F15: =IF(ISERROR(VLOOKUP(D15,'115分組'!A:D,4,0)), "未分", VLOOKUP(D15,'115分組'!A:D,4,0)) -> 1 | G15: =ROUND(VLOOKUP(D15,'115_分行業績'!A:J,8,0), 0) -> 181181359 | H15: =(VLOOKUP(D15, '底稿_前2年手收20%'!A:G,7,0)+VLOOKUP(D15, '底稿_前2年手收20%'!O:U,7,0))/2 -> 69824217 | I15: =VLOOKUP(D15,'115_分行業績'!A:I,9,0) -> 129150000 | J15: =ROUND(G15/I15, 2) -> 1.4 | K15: =ROUND(G15/Z15, 2) -> 1.13 | L15: =IF(J15>= 2, "200%以上", IF(J15>= 1.5, "150%以上、未達200%", IF(J15>= 1.3, "130%以上、未達150%", IF(J15>= 1.2, "120%以上、未達130%", IF(J15>= 1.1, "110%以上、未達120%", IF(J15>= 1, "100%以上、未達110%", IF(J15>= 0.9, "90%以上、未達100%", IF(J15>= 0.75, "75%以上、未達90%", "未達75%")))))))) -> 130%以上、未達150% | M15: =IF(J15>= 2, "預估實績*70%", IF(J15>= 1.5, "預估實績*80%", IF(J15>= 1.3, "預估實績*90%", IF(J15>= 1.2, "預估實績*101%", IF(J15>= 1.1, "預估實績*103%", IF(J15>= 1, "預估實績105%", IF(J15>= 0.9, "分行目標105%", IF(J15>= 0.75, "分行目標110%", "分行目標115%")))))))) -> 預估實績*90% | N15: =IF(J15>= 2, ROUND(G15*0.7, -4), IF(J15>= 1.5, ROUND(G15*0.8, -4), IF(J15>= 1.3, ROUND(G15*0.9, -4), IF(J15>= 1.2, ROUND(G15*1.01, -4), IF(J15>= 1.1, ROUND(G15*1.03, -4), IF(J15>= 1, ROUND(G15*1.05, -4), IF(J15>= 0.9, ROUND(I15*1.05, -4), IF(J15>= 0.75, ROUND(I15*1.1, -4), ROUND(I15*1.15, -4))))))))) -> 163060000 | O15: =VLOOKUP(A15,'116目標底稿SUMMARY'!A:B,2,0) -> 120%以上 | P15: =VLOOKUP(A15,'116目標底稿SUMMARY'!A:D,4,0) -> 分行目標*120%*101% | Q15: =ROUND(IF(A15 = "TYPE_1", I15*'116目標底稿SUMMARY'!$F$3*'116目標底稿SUMMARY'!$G$3, IF(A15 = "TYPE_2", G15*'116目標底稿SUMMARY'!$F$4, IF(A15 = "TYPE_3", G15*'116目標底稿SUMMARY'!$F$5, '116目標底稿ver1'!I15*'116目標底稿SUMMARY'!$F$6*'116目標底稿SUMMARY'!$G$6))), -4) -> 156530000 | R15: =Q15-N15 -> -6530000 | S15: =VLOOKUP(D15,'116指標1_前2年手收20%'!A:M,13,0) -> 830437 | T15: =VLOOKUP(D15,'116指標2_存款25%'!A:F,6,0) -> 1043239 | U15: =VLOOKUP(D15,'116指標6_理財AUM25%'!A:F,6,0) -> 853573 | V15: =VLOOKUP(D15,'116指標4_114分行人數25%'!A:Q,17,0) -> 1453142 | W15: =VLOOKUP(F15,'115分組'!D:F,3,0) -> 190000 | Y15: =ROUND(SUM(S15:W15), -4)+X15 -> 4370000 | Z15: =Q15+Y15 -> 160900000 | AA15: =Z15/G15 -1 -> -0.11193955 | AB15: =Z15/I15 -1 -> 0.24583817 | AC15: =Z15*0.55 -> 88495000
A16: =IF(J16>='116目標底稿SUMMARY'!$E$3,"TYPE_1",IF(J16>='116目標底稿SUMMARY'!$E$4,"TYPE_2",IF(J16>='116目標底稿SUMMARY'!$E$5,"TYPE_3","TYPE_4"))) -> TYPE_4 | B16: 9 | C16: 北一區 | D16: 109 | E16: 西門分行 | F16: =IF(ISERROR(VLOOKUP(D16,'115分組'!A:D,4,0)), "未分", VLOOKUP(D16,'115分組'!A:D,4,0)) -> 4 | G16: =ROUND(VLOOKUP(D16,'115_分行業績'!A:J,8,0), 0) -> 29449723 | H16: =(VLOOKUP(D16, '底稿_前2年手收20%'!A:G,7,0)+VLOOKUP(D16, '底稿_前2年手收20%'!O:U,7,0))/2 -> 18087476 | I16: =VLOOKUP(D16,'115_分行業績'!A:I,9,0) -> 37980000 | J16: =ROUND(G16/I16, 2) -> 0.78 | K16: =ROUND(G16/Z16, 2) -> 0.77 | L16: =IF(J16>= 2, "200%以上", IF(J16>= 1.5, "150%以上、未達200%", IF(J16>= 1.3, "130%以上、未達150%", IF(J16>= 1.2, "120%以上、未達130%", IF(J16>= 1.1, "110%以上、未達120%", IF(J16>= 1, "100%以上、未達110%", IF(J16>= 0.9, "90%以上、未達100%", IF(J16>= 0.75, "75%以上、未達90%", "未達75%")))))))) -> 75%以上、未達90% | M16: =IF(J16>= 2, "預估實績*70%", IF(J16>= 1.5, "預估實績*80%", IF(J16>= 1.3, "預估實績*90%", IF(J16>= 1.2, "預估實績*101%", IF(J16>= 1.1, "預估實績*103%", IF(J16>= 1, "預估實績105%", IF(J16>= 0.9, "分行目標105%", IF(J16>= 0.75, "分行目標110%", "分行目標115%")))))))) -> 分行目標110% | N16: =IF(J16>= 2, ROUND(G16*0.7, -4), IF(J16>= 1.5, ROUND(G16*0.8, -4), IF(J16>= 1.3, ROUND(G16*0.9, -4), IF(J16>= 1.2, ROUND(G16*1.01, -4), IF(J16>= 1.1, ROUND(G16*1.03, -4), IF(J16>= 1, ROUND(G16*1.05, -4), IF(J16>= 0.9, ROUND(I16*1.05, -4), IF(J16>= 0.75, ROUND(I16*1.1, -4), ROUND(I16*1.15, -4))))))))) -> 41780000 | O16: =VLOOKUP(A16,'116目標底稿SUMMARY'!A:B,2,0) -> 未達80% | P16: =VLOOKUP(A16,'116目標底稿SUMMARY'!A:D,4,0) -> 分行目標*80%*120% | Q16: =ROUND(IF(A16 = "TYPE_1", I16*'116目標底稿SUMMARY'!$F$3*'116目標底稿SUMMARY'!$G$3, IF(A16 = "TYPE_2", G16*'116目標底稿SUMMARY'!$F$4, IF(A16 = "TYPE_3", G16*'116目標底稿SUMMARY'!$F$5, '116目標底稿ver1'!I16*'116目標底稿SUMMARY'!$F$6*'116目標底稿SUMMARY'!$G$6))), -4) -> 36460000 | R16: =Q16-N16 -> -5320000 | S16: =VLOOKUP(D16,'116指標1_前2年手收20%'!A:M,13,0) -> 215119 | T16: =VLOOKUP(D16,'116指標2_存款25%'!A:F,6,0) -> 455146 | U16: =VLOOKUP(D16,'116指標6_理財AUM25%'!A:F,6,0) -> 268842 | V16: =VLOOKUP(D16,'116指標4_114分行人數25%'!A:Q,17,0) -> 636994 | W16: =VLOOKUP(F16,'115分組'!D:F,3,0) -> 130000 | Y16: =ROUND(SUM(S16:W16), -4)+X16 -> 1710000 | Z16: =Q16+Y16 -> 38170000 | AA16: =Z16/G16 -1 -> 0.29610727 | AB16: =Z16/I16 -1 -> 0.005002633 | AC16: =Z16*0.55 -> 20993500
A17: =IF(J17>='116目標底稿SUMMARY'!$E$3,"TYPE_1",IF(J17>='116目標底稿SUMMARY'!$E$4,"TYPE_2",IF(J17>='116目標底稿SUMMARY'!$E$5,"TYPE_3","TYPE_4"))) -> TYPE_4 | B17: 10 | C17: 北一區 | D17: 110 | E17: 南松山分行 | F17: =IF(ISERROR(VLOOKUP(D17,'115分組'!A:D,4,0)), "未分", VLOOKUP(D17,'115分組'!A:D,4,0)) -> 5 | G17: =ROUND(VLOOKUP(D17,'115_分行業績'!A:J,8,0), 0) -> 44041600 | H17: =(VLOOKUP(D17, '底稿_前2年手收20%'!A:G,7,0)+VLOOKUP(D17, '底稿_前2年手收20%'!O:U,7,0))/2 -> 35418781 | I17: =VLOOKUP(D17,'115_分行業績'!A:I,9,0) -> 59470000 | J17: =ROUND(G17/I17, 2) -> 0.74 | K17: =ROUND(G17/Z17, 2) -> 0.74 | L17: =IF(J17>= 2, "200%以上", IF(J17>= 1.5, "150%以上、未達200%", IF(J17>= 1.3, "130%以上、未達150%", IF(J17>= 1.2, "120%以上、未達130%", IF(J17>= 1.1, "110%以上、未達120%", IF(J17>= 1, "100%以上、未達110%", IF(J17>= 0.9, "90%以上、未達100%", IF(J17>= 0.75, "75%以上、未達90%", "未達75%")))))))) -> 未達75% | M17: =IF(J17>= 2, "預估實績*70%", IF(J17>= 1.5, "預估實績*80%", IF(J17>= 1.3, "預估實績*90%", IF(J17>= 1.2, "預估實績*101%", IF(J17>= 1.1, "預估實績*103%", IF(J17>= 1, "預估實績105%", IF(J17>= 0.9, "分行目標105%", IF(J17>= 0.75, "分行目標110%", "分行目標115%")))))))) -> 分行目標115% | N17: =IF(J17>= 2, ROUND(G17*0.7, -4), IF(J17>= 1.5, ROUND(G17*0.8, -4), IF(J17>= 1.3, ROUND(G17*0.9, -4), IF(J17>= 1.2, ROUND(G17*1.01, -4), IF(J17>= 1.1, ROUND(G17*1.03, -4), IF(J17>= 1, ROUND(G17*1.05, -4), IF(J17>= 0.9, ROUND(I17*1.05, -4), IF(J17>= 0.75, ROUND(I17*1.1, -4), ROUND(I17*1.15, -4))))))))) -> 68390000 | O17: =VLOOKUP(A17,'116目標底稿SUMMARY'!A:B,2,0) -> 未達80% | P17: =VLOOKUP(A17,'116目標底稿SUMMARY'!A:D,4,0) -> 分行目標*80%*120% | Q17: =ROUND(IF(A17 = "TYPE_1", I17*'116目標底稿SUMMARY'!$F$3*'116目標底稿SUMMARY'!$G$3, IF(A17 = "TYPE_2", G17*'116目標底稿SUMMARY'!$F$4, IF(A17 = "TYPE_3", G17*'116目標底稿SUMMARY'!$F$5, '116目標底稿ver1'!I17*'116目標底稿SUMMARY'!$F$6*'116目標底稿SUMMARY'!$G$6))), -4) -> 57090000 | R17: =Q17-N17 -> -11300000 | S17: =VLOOKUP(D17,'116指標1_前2年手收20%'!A:M,13,0) -> 400597 | T17: =VLOOKUP(D17,'116指標2_存款25%'!A:F,6,0) -> 563631 | U17: =VLOOKUP(D17,'116指標6_理財AUM25%'!A:F,6,0) -> 454107 | V17: =VLOOKUP(D17,'116指標4_114分行人數25%'!A:Q,17,0) -> 597182 | W17: =VLOOKUP(F17,'115分組'!D:F,3,0) -> 100000 | Y17: =ROUND(SUM(S17:W17), -4)+X17 -> 2120000 | Z17: =Q17+Y17 -> 59210000 | AA17: =Z17/G17 -1 -> 0.34441074 | AB17: =Z17/I17 -1 -> -0.0043719522 | AC17: =Z17*0.55 -> 32565500
A18: =IF(J18>='116目標底稿SUMMARY'!$E$3,"TYPE_1",IF(J18>='116目標底稿SUMMARY'!$E$4,"TYPE_2",IF(J18>='116目標底稿SUMMARY'!$E$5,"TYPE_3","TYPE_4"))) -> TYPE_1 | B18: 11 | C18: 北一區 | D18: 111 | E18: 仁愛路分行 | F18: =IF(ISERROR(VLOOKUP(D18,'115分組'!A:D,4,0)), "未分", VLOOKUP(D18,'115分組'!A:D,4,0)) -> 1 | G18: =ROUND(VLOOKUP(D18,'115_分行業績'!A:J,8,0), 0) -> 156079156 | H18: =(VLOOKUP(D18, '底稿_前2年手收20%'!A:G,7,0)+VLOOKUP(D18, '底稿_前2年手收20%'!O:U,7,0))/2 -> 60633304 | I18: =VLOOKUP(D18,'115_分行業績'!A:I,9,0) -> 101770000 | J18: =ROUND(G18/I18, 2) -> 1.53 | K18: =ROUND(G18/Z18, 2) -> 1.23 | L18: =IF(J18>= 2, "200%以上", IF(J18>= 1.5, "150%以上、未達200%", IF(J18>= 1.3, "130%以上、未達150%", IF(J18>= 1.2, "120%以上、未達130%", IF(J18>= 1.1, "110%以上、未達120%", IF(J18>= 1, "100%以上、未達110%", IF(J18>= 0.9, "90%以上、未達100%", IF(J18>= 0.75, "75%以上、未達90%", "未達75%")))))))) -> 150%以上、未達200% | M18: =IF(J18>= 2, "預估實績*70%", IF(J18>= 1.5, "預估實績*80%", IF(J18>= 1.3, "預估實績*90%", IF(J18>= 1.2, "預估實績*101%", IF(J18>= 1.1, "預估實績*103%", IF(J18>= 1, "預估實績105%", IF(J18>= 0.9, "分行目標105%", IF(J18>= 0.75, "分行目標110%", "分行目標115%")))))))) -> 預估實績*80% | N18: =IF(J18>= 2, ROUND(G18*0.7, -4), IF(J18>= 1.5, ROUND(G18*0.8, -4), IF(J18>= 1.3, ROUND(G18*0.9, -4), IF(J18>= 1.2, ROUND(G18*1.01, -4), IF(J18>= 1.1, ROUND(G18*1.03, -4), IF(J18>= 1, ROUND(G18*1.05, -4), IF(J18>= 0.9, ROUND(I18*1.05, -4), IF(J18>= 0.75, ROUND(I18*1.1, -4), ROUND(I18*1.15, -4))))))))) -> 124860000 | O18: =VLOOKUP(A18,'116目標底稿SUMMARY'!A:B,2,0) -> 120%以上 | P18: =VLOOKUP(A18,'116目標底稿SUMMARY'!A:D,4,0) -> 分行目標*120%*101% | Q18: =ROUND(IF(A18 = "TYPE_1", I18*'116目標底稿SUMMARY'!$F$3*'116目標底稿SUMMARY'!$G$3, IF(A18 = "TYPE_2", G18*'116目標底稿SUMMARY'!$F$4, IF(A18 = "TYPE_3", G18*'116目標底稿SUMMARY'!$F$5, '116目標底稿ver1'!I18*'116目標底稿SUMMARY'!$F$6*'116目標底稿SUMMARY'!$G$6))), -4) -> 123350000 | R18: =Q18-N18 -> -1510000 | S18: =VLOOKUP(D18,'116指標1_前2年手收20%'!A:M,13,0) -> 693476 | T18: =VLOOKUP(D18,'116指標2_存款25%'!A:F,6,0) -> 885076 | U18: =VLOOKUP(D18,'116指標6_理財AUM25%'!A:F,6,0) -> 992876 | V18: =VLOOKUP(D18,'116指標4_114分行人數25%'!A:Q,17,0) -> 816148 | W18: =VLOOKUP(F18,'115分組'!D:F,3,0) -> 190000 | Y18: =ROUND(SUM(S18:W18), -4)+X18 -> 3580000 | Z18: =Q18+Y18 -> 126930000 | AA18: =Z18/G18 -1 -> -0.1867588 | AB18: =Z18/I18 -1 -> 0.24722413 | AC18: =Z18*0.55 -> 69811500
A19: =IF(J19>='116目標底稿SUMMARY'!$E$3,"TYPE_1",IF(J19>='116目標底稿SUMMARY'!$E$4,"TYPE_2",IF(J19>='116目標底稿SUMMARY'!$E$5,"TYPE_3","TYPE_4"))) -> TYPE_2 | B19: 12 | C19: 北一區 | D19: 112 | E19: 南京東路分行 | F19: =IF(ISERROR(VLOOKUP(D19,'115分組'!A:D,4,0)), "未分", VLOOKUP(D19,'115分組'!A:D,4,0)) -> 1 | G19: =ROUND(VLOOKUP(D19,'115_分行業績'!A:J,8,0), 0) -> 81157545 | H19: =(VLOOKUP(D19, '底稿_前2年手收20%'!A:G,7,0)+VLOOKUP(D19, '底稿_前2年手收20%'!O:U,7,0))/2 -> 39137481 | I19: =VLOOKUP(D19,'115_分行業績'!A:I,9,0) -> 68030000 | J19: =ROUND(G19/I19, 2) -> 1.19 | K19: =ROUND(G19/Z19, 2) -> 0.95 | L19: =IF(J19>= 2, "200%以上", IF(J19>= 1.5, "150%以上、未達200%", IF(J19>= 1.3, "130%以上、未達150%", IF(J19>= 1.2, "120%以上、未達130%", IF(J19>= 1.1, "110%以上、未達120%", IF(J19>= 1, "100%以上、未達110%", IF(J19>= 0.9, "90%以上、未達100%", IF(J19>= 0.75, "75%以上、未達90%", "未達75%")))))))) -> 110%以上、未達120% | M19: =IF(J19>= 2, "預估實績*70%", IF(J19>= 1.5, "預估實績*80%", IF(J19>= 1.3, "預估實績*90%", IF(J19>= 1.2, "預估實績*101%", IF(J19>= 1.1, "預估實績*103%", IF(J19>= 1, "預估實績105%", IF(J19>= 0.9, "分行目標105%", IF(J19>= 0.75, "分行目標110%", "分行目標115%")))))))) -> 預估實績*103% | N19: =IF(J19>= 2, ROUND(G19*0.7, -4), IF(J19>= 1.5, ROUND(G19*0.8, -4), IF(J19>= 1.3, ROUND(G19*0.9, -4), IF(J19>= 1.2, ROUND(G19*1.01, -4), IF(J19>= 1.1, ROUND(G19*1.03, -4), IF(J19>= 1, ROUND(G19*1.05, -4), IF(J19>= 0.9, ROUND(I19*1.05, -4), IF(J19>= 0.75, ROUND(I19*1.1, -4), ROUND(I19*1.15, -4))))))))) -> 83590000 | O19: =VLOOKUP(A19,'116目標底稿SUMMARY'!A:B,2,0) -> 100%以上，未達120% | P19: =VLOOKUP(A19,'116目標底稿SUMMARY'!A:D,4,0) -> 預估實績*103% | Q19: =ROUND(IF(A19 = "TYPE_1", I19*'116目標底稿SUMMARY'!$F$3*'116目標底稿SUMMARY'!$G$3, IF(A19 = "TYPE_2", G19*'116目標底稿SUMMARY'!$F$4, IF(A19 = "TYPE_3", G19*'116目標底稿SUMMARY'!$F$5, '116目標底稿ver1'!I19*'116目標底稿SUMMARY'!$F$6*'116目標底稿SUMMARY'!$G$6))), -4) -> 81970000 | R19: =Q19-N19 -> -1620000 | S19: =VLOOKUP(D19,'116指標1_前2年手收20%'!A:M,13,0) -> 465472 | T19: =VLOOKUP(D19,'116指標2_存款25%'!A:F,6,0) -> 1129918 | U19: =VLOOKUP(D19,'116指標6_理財AUM25%'!A:F,6,0) -> 634693 | V19: =VLOOKUP(D19,'116指標4_114分行人數25%'!A:Q,17,0) -> 1015209 | W19: =VLOOKUP(F19,'115分組'!D:F,3,0) -> 190000 | Y19: =ROUND(SUM(S19:W19), -4)+X19 -> 3440000 | Z19: =Q19+Y19 -> 85410000 | AA19: =Z19/G19 -1 -> 0.052397531 | AB19: =Z19/I19 -1 -> 0.25547553 | AC19: =Z19*0.55 -> 46975500
... A190: =IF(J190>='116目標底稿SUMMARY'!$E$3,"TYPE_1",IF(J190>='116目標底稿SUMMARY'!$E$4,"TYPE_2",IF(J190>='116目標底稿SUMMARY'!$E$5,"TYPE_3","TYPE_4"))) -> TYPE_1 | B190: 183 | C190: 北一區 | D190: 888 | E190: 營運總部分行 | F190: =IF(ISERROR(VLOOKUP(D190,'115分組'!A:D,4,0)), "未分", VLOOKUP(D190,'115分組'!A:D,4,0)) -> 8 | G190: =ROUND(VLOOKUP(D190,'115_分行業績'!A:J,8,0), 0) -> 23269991 | H190: =(VLOOKUP(D190, '底稿_前2年手收20%'!A:G,7,0)+VLOOKUP(D190, '底稿_前2年手收20%'!O:U,7,0))/2 -> 9588777.1 | I190: =VLOOKUP(D190,'115_分行業績'!A:I,9,0) -> 17160000 | J190: =ROUND(G190/I190, 2) -> 1.36 | K190: =ROUND(G190/Z190, 2) -> 1.06 | L190: =IF(J190>= 2, "200%以上", IF(J190>= 1.5, "150%以上、未達200%", IF(J190>= 1.3, "130%以上、未達150%", IF(J190>= 1.2, "120%以上、未達130%", IF(J190>= 1.1, "110%以上、未達120%", IF(J190>= 1, "100%以上、未達110%", IF(J190>= 0.9, "90%以上、未達100%", IF(J190>= 0.75, "75%以上、未達90%", "未達75%")))))))) -> 130%以上、未達150% | M190: =IF(J190>= 2, "預估實績*70%", IF(J190>= 1.5, "預估實績*80%", IF(J190>= 1.3, "預估實績*90%", IF(J190>= 1.2, "預估實績*101%", IF(J190>= 1.1, "預估實績*103%", IF(J190>= 1, "預估實績105%", IF(J190>= 0.9, "分行目標105%", IF(J190>= 0.75, "分行目標110%", "分行目標115%")))))))) -> 預估實績*90% | N190: =IF(J190>= 2, ROUND(G190*0.7, -4), IF(J190>= 1.5, ROUND(G190*0.8, -4), IF(J190>= 1.3, ROUND(G190*0.9, -4), IF(J190>= 1.2, ROUND(G190*1.01, -4), IF(J190>= 1.1, ROUND(G190*1.03, -4), IF(J190>= 1, ROUND(G190*1.05, -4), IF(J190>= 0.9, ROUND(I190*1.05, -4), IF(J190>= 0.75, ROUND(I190*1.1, -4), ROUND(I190*1.15, -4))))))))) -> 20940000 | O190: =VLOOKUP(A190,'116目標底稿SUMMARY'!A:B,2,0) -> 120%以上 | P190: =VLOOKUP(A190,'116目標底稿SUMMARY'!A:D,4,0) -> 分行目標*120%*101% | Q190: =ROUND(IF(A190 = "TYPE_1", I190*'116目標底稿SUMMARY'!$F$3*'116目標底稿SUMMARY'!$G$3, IF(A190 = "TYPE_2", G190*'116目標底稿SUMMARY'!$F$4, IF(A190 = "TYPE_3", G190*'116目標底稿SUMMARY'!$F$5, '116目標底稿ver1'!I190*'116目標底稿SUMMARY'!$F$6*'116目標底稿SUMMARY'!$G$6))), -4) -> 20800000 | R190: =Q190-N190 -> -140000 | S190: =VLOOKUP(D190,'116指標1_前2年手收20%'!A:M,13,0) -> 114042 | T190: =VLOOKUP(D190,'116指標2_存款25%'!A:F,6,0) -> 258610 | U190: =VLOOKUP(D190,'116指標6_理財AUM25%'!A:F,6,0) -> 213702 | V190: =VLOOKUP(D190,'116指標4_114分行人數25%'!A:Q,17,0) -> 437933 | W190: =VLOOKUP(F190,'115分組'!D:F,3,0) -> 40000 | Y190: =ROUND(SUM(S190:W190), -4)+X190 -> 1060000 | Z190: =Q190+Y190 -> 21860000 | AA190: =Z190/G190 -1 -> -0.060592675 | AB190: =Z190/I190 -1 -> 0.27389277 | AC190: =Z190*0.55 -> 12023000
B191: 184 | C191: 北一區 | E191: 合計 | G191: =SUMIF($C$8:$C$190,C191,$G$8:$G$190) -> 3171074682 | H191: =SUMIF($C$8:$C$190,$C191,$H$8:$H$190) -> 1.9790478e+09 | I191: =SUMIF($C$8:$C$190,C191,$I$8:$I$190) -> 2963010000 | J191: =ROUND(G191/I191, 2) -> 1.07 | K191: =ROUND(G191/Z191, 2) -> 0.97 | N191: =SUMIF($C$8:$C$190,C191,$N$8:$N$190) -> 3418410000 | Q191: =SUMIF($C$8:$C$190,C191,$Q$8:$Q$190) -> 3159230000 | R191: =Q191-N191 -> -259180000 | S191: =SUMIF($C$8:$C$190,$C191,$S$8:$S$190) -> 21653008 | T191: =SUMIF($C$8:$C$190,$C191,$T$8:$T$190) -> 29619074 | U191: =SUMIF($C$8:$C$190,$C191,$U$8:$U$190) -> 24896910 | V191: =SUMIF($C$8:$C$190,$C191,$V$8:$V$190) -> 30615519 | W191: =SUMIF($C$8:$C$190,$C191,$W$8:$W$190) -> 6580000 | X191: =SUMIF($C$8:$C$190,$C191,$X$8:$X$190) -> 0 | Y191: =SUMIF($C$8:$C$190,$C191,$Y$8:$Y$190) -> 113390000 | Z191: =SUMIF($C$8:$C$190,$C191,$Z$8:$Z$190) -> 3272620000 | AA191: =Z191/G191 -1 -> 0.032022367 | AB191: =Z191/I191 -1 -> 0.10449172 | AC191: =SUMIF($C$8:$C$190,$C191,$AC$8:$AC$190) -> 1799941000
B192: 185 | C192: 北二區 | E192: 合計 | G192: =SUMIF($C$8:$C$190,C192,$G$8:$G$190) -> 2761623404 | H192: =SUMIF($C$8:$C$190,$C192,$H$8:$H$190) -> 1.667486e+09 | I192: =SUMIF($C$8:$C$190,C192,$I$8:$I$190) -> 2425440000 | J192: =ROUND(G192/I192, 2) -> 1.14 | K192: =ROUND(G192/Z192, 2) -> 1 | N192: =SUMIF($C$8:$C$190,C192,$N$8:$N$190) -> 2831180000 | Q192: =SUMIF($C$8:$C$190,C192,$Q$8:$Q$190) -> 2661610000 | R192: =Q192-N192 -> -169570000 | S192: =SUMIF($C$8:$C$190,$C192,$S$8:$S$190) -> 17647470 | T192: =SUMIF($C$8:$C$190,$C192,$T$8:$T$190) -> 23322510 | U192: =SUMIF($C$8:$C$190,$C192,$U$8:$U$190) -> 21638163 | V192: =SUMIF($C$8:$C$190,$C192,$V$8:$V$190) -> 20682394 | W192: =SUMIF($C$8:$C$190,$C192,$W$8:$W$190) -> 4210000 | X192: =SUMIF($C$8:$C$190,$C192,$X$8:$X$190) -> 0 | Y192: =SUMIF($C$8:$C$190,$C192,$Y$8:$Y$190) -> 87520000 | Z192: =SUMIF($C$8:$C$190,$C192,$Z$8:$Z$190) -> 2749130000 | AA192: =Z192/G192 -1 -> -0.0045239347 | AB192: =Z192/I192 -1 -> 0.1334562 | AC192: =SUMIF($C$8:$C$190,$C192,$AC$8:$AC$190) -> 1512021500
B193: 186 | C193: 北三區 | E193: 合計 | G193: =SUMIF($C$8:$C$190,C193,$G$8:$G$190) -> 1972630435 | H193: =SUMIF($C$8:$C$190,$C193,$H$8:$H$190) -> 1.2779274e+09 | I193: =SUMIF($C$8:$C$190,C193,$I$8:$I$190) -> 1918680000 | J193: =ROUND(G193/I193, 2) -> 1.03 | K193: =ROUND(G193/Z193, 2) -> 0.94 | N193: =SUMIF($C$8:$C$190,C193,$N$8:$N$190) -> 2184200000 | Q193: =SUMIF($C$8:$C$190,C193,$Q$8:$Q$190) -> 2028680000 | R193: =Q193-N193 -> -155520000 | S193: =SUMIF($C$8:$C$190,$C193,$S$8:$S$190) -> 13857187 | T193: =SUMIF($C$8:$C$190,$C193,$T$8:$T$190) -> 17701975 | U193: =SUMIF($C$8:$C$190,$C193,$U$8:$U$190) -> 18046636 | V193: =SUMIF($C$8:$C$190,$C193,$V$8:$V$190) -> 18239562 | W193: =SUMIF($C$8:$C$190,$C193,$W$8:$W$190) -> 3450000 | X193: =SUMIF($C$8:$C$190,$C193,$X$8:$X$190) -> 0 | Y193: =SUMIF($C$8:$C$190,$C193,$Y$8:$Y$190) -> 71300000 | Z193: =SUMIF($C$8:$C$190,$C193,$Z$8:$Z$190) -> 2099980000 | AA193: =Z193/G193 -1 -> 0.064558248 | AB193: =Z193/I193 -1 -> 0.094492047 | AC193: =SUMIF($C$8:$C$190,$C193,$AC$8:$AC$190) -> 1154989000
B194: 187 | C194: 中區 | E194: 合計 | G194: =SUMIF($C$8:$C$190,C194,$G$8:$G$190) -> 2256636774 | H194: =SUMIF($C$8:$C$190,$C194,$H$8:$H$190) -> 1.6257498e+09 | I194: =SUMIF($C$8:$C$190,C194,$I$8:$I$190) -> 2196530000 | J194: =ROUND(G194/I194, 2) -> 1.03 | K194: =ROUND(G194/Z194, 2) -> 0.95 | N194: =SUMIF($C$8:$C$190,C194,$N$8:$N$190) -> 2490050000 | Q194: =SUMIF($C$8:$C$190,C194,$Q$8:$Q$190) -> 2306040000 | R194: =Q194-N194 -> -184010000 | S194: =SUMIF($C$8:$C$190,$C194,$S$8:$S$190) -> 16828973 | T194: =SUMIF($C$8:$C$190,$C194,$T$8:$T$190) -> 18551468 | U194: =SUMIF($C$8:$C$190,$C194,$U$8:$U$190) -> 22315344 | V194: =SUMIF($C$8:$C$190,$C194,$V$8:$V$190) -> 18343045 | W194: =SUMIF($C$8:$C$190,$C194,$W$8:$W$190) -> 3170000 | X194: =SUMIF($C$8:$C$190,$C194,$X$8:$X$190) -> 0 | Y194: =SUMIF($C$8:$C$190,$C194,$Y$8:$Y$190) -> 79180000 | Z194: =SUMIF($C$8:$C$190,$C194,$Z$8:$Z$190) -> 2385220000 | AA194: =Z194/G194 -1 -> 0.056980028 | AB194: =Z194/I194 -1 -> 0.085903675 | AC194: =SUMIF($C$8:$C$190,$C194,$AC$8:$AC$190) -> 1311871000
B195: 188 | C195: 南區 | E195: 合計 | G195: =SUMIF($C$8:$C$190,C195,$G$8:$G$190) -> 2323634074 | H195: =SUMIF($C$8:$C$190,$C195,$H$8:$H$190) -> 1.6269529e+09 | I195: =SUMIF($C$8:$C$190,C195,$I$8:$I$190) -> 2281720000 | J195: =ROUND(G195/I195, 2) -> 1.02 | K195: =ROUND(G195/Z195, 2) -> 0.93 | N195: =SUMIF($C$8:$C$190,C195,$N$8:$N$190) -> 2631880000 | Q195: =SUMIF($C$8:$C$190,C195,$Q$8:$Q$190) -> 2408640000 | R195: =Q195-N195 -> -223240000 | S195: =SUMIF($C$8:$C$190,$C195,$S$8:$S$190) -> 17173366 | T195: =SUMIF($C$8:$C$190,$C195,$T$8:$T$190) -> 19754973 | U195: =SUMIF($C$8:$C$190,$C195,$U$8:$U$190) -> 22052935 | V195: =SUMIF($C$8:$C$190,$C195,$V$8:$V$190) -> 21090083 | W195: =SUMIF($C$8:$C$190,$C195,$W$8:$W$190) -> 3710000 | X195: =SUMIF($C$8:$C$190,$C195,$X$8:$X$190) -> 0 | Y195: =SUMIF($C$8:$C$190,$C195,$Y$8:$Y$190) -> 83780000 | Z195: =SUMIF($C$8:$C$190,$C195,$Z$8:$Z$190) -> 2492420000 | AA195: =Z195/G195 -1 -> 0.072638772 | AB195: =Z195/I195 -1 -> 0.092342619 | AC195: =SUMIF($C$8:$C$190,$C195,$AC$8:$AC$190) -> 1370831000
B196: 189 | C196: 全行 | E196: 合計 | G196: =SUM(G8:G190) -> 12485599369 | H196: =SUM(H8:H190) -> 8.177164e+09 | I196: =SUM(I8:I190) -> 11785380000 | J196: =ROUND(G196/I196, 2) -> 1.06 | K196: =ROUND(G196/Z196, 2) -> 0.96 | N196: =SUM(N8:N190) -> 13555720000 | Q196: =SUM(Q8:Q190) -> 12564200000 | R196: =SUM(R8:R190) -> -991520000 | S196: =SUM(S8:S190) -> 87160004 | T196: =SUM(T8:T190) -> 108950000 | U196: =SUM(U8:U190) -> 108949988 | V196: =SUM(V8:V190) -> 108970603 | W196: =SUM(W8:W190) -> 21120000 | X196: =SUM(X8:X190) -> 0 | Y196: =SUM(Y191:Y195) -> 435170000 | Z196: =SUM(Z191:Z195) -> 12999370000 | AA196: =Z196/G196 -1 -> 0.041149056 | AB196: =Z196/I196 -1 -> 0.10300813 | AC196: =SUM(AC191:AC195) -> 7149653500

Sheet 116年參數表
A1: 116年分行目標參數表 | H1: 單位：億元
I2: 總行目標 | J2: 分行目標
A3: 分行總目標 | B3: =13000000000 -'116目標底稿ver1'!Q2 -> 435800000 | E3: 分行目標 | F3: 分行目標 | H3: 基金 | I3: =ROUND(D4/100000000, 2) -> 1.13 | J3: =ROUND(I3/$I$8*$J$8, 2) -> 1.13 | K3: =J3/I3 -> 1
A4: 基金佔率 | B4: 0.25995079 | C4: 基金分配目標 | D4: =ROUND($B$3*B4, -4) -> 113290000 | E4: 信託 | F4: =D4+D6+D7 -> 170640000 | H4: 保險 | I4: =ROUND(D5/100000000, 2) -> 2.61 | J4: =J8-J3-J5-J6-J7 -> 2.61 | K4: =J4/I4 -> 1
A5: 保險佔率 | B5: 0.59796311 | C5: 保險分配目標 | D5: =ROUND($B$3*B5, -4) -> 260590000 | E5: 保險 | F5: =D5 -> 260590000 | H5: 外國債 | I5: =ROUND(D6/100000000, 2) -> 0.33 | J5: =ROUND(I5/$I$8*$J$8, 2) -> 0.33 | K5: =J5/I5 -> 1
A6: 外國債券佔率 | B6: 0.076764633 | C6: 外國債券分配目標 | D6: =B3-D4-D5-D7-D8 -> 33450000 | H6: 財產信託 | I6: =ROUND(D7/100000000, 2) -> 0.24 | J6: =ROUND(I6/$I$8*$J$8, 2) -> 0.24 | K6: =J6/I6 -> 1
A7: 財產信託佔率 | B7: 0.054831881 | C7: 財產分配目標 | D7: =ROUND($B$3*B7, -4) -> 23900000 | E7: 信託 | H7: 組合式 | I7: =ROUND(D8/100000000, 2) -> 0.05 | J7: =ROUND(I7/$I$8*$J$8, 2) -> 0.05 | K7: =J7/I7 -> 1
A8: 組合式商品佔率 | B8: 0.010489577 | C8: 組合式商品分配目標 | D8: =ROUND($B$3*B8, -4) -> 4570000 | E8: 保險 | H8: 合計 | I8: =SUM(I3:I7) -> 4.36 | J8: =I8 -> 4.36 | K8: =J8/I8 -> 1
B9: =SUM(B4:B8) -> 1 | D9: =SUM(D4:D8) -> 435800000 | E9: =B3/D9-1 -> 0
A10: ★前兩年業績佔116年目標比率
B11: 113 | C11: 114 | D11: 平均三年業績 | E11: 平均三年業績佔115年目標比率
A12: 信託業績 | B12: ='116指標1_前2年手收20%'!D186 -> 2964116662 | C12: ='116指標1_前2年手收20%'!E186 -> 3310260839 | D12: =ROUND(AVERAGE(B12:C12), 0) -> 3137188751 | E12: =D12/F4 -> 18.384838 | H12: 計算權重 | I12: 116年度 | J12: 115年度 | K12: 114年度 | L12: 113年度 | M12: 112年度 | N12: 111年度 | O12: 110年度 | P12: 109年度 | Q12: 差異 | R12: 目的
A13: 保險業績 | B13: ='116指標1_前2年手收20%'!G186 -> 2817334021 | C13: ='116指標1_前2年手收20%'!H186 -> 5565344208 | D13: =ROUND(AVERAGE(B13:C13), 0) -> 4191339115 | E13: =D13/F5 -> 16.084037 | H13: 業績平均 | I13: 0.2 | J13: 0.3 | K13: 0.3 | L13: 0.3 | M13: 0.3 | N13: 0.3 | O13: 0.3 | P13: 0.35 | Q13: =O13-P13 -> -0.05 | R13: 鼓勵分行積極衝刺手收
A14: 合計業績 | B14: =B12+B13 -> 5781450683 | C14: =C12+C13 -> 8875605047 | D14: =ROUND(AVERAGE(B14:C14), 0) -> 7328527865 | E14: =D14/B3 -> 16.816264 | H14: 存款 | I14: 0.25 | J14: 0.25 | K14: 0.25 | L14: 0.25 | M14: 0.25 | N14: 0.25 | O14: 0.25 | P14: 0.24 | Q14: =O14-P14 -> 0.01
H15: 人數 | I15: 0.25 | J15: 0.22 | K15: 0.2 | L15: 0.2 | M15: 0.2 | N15: 0.2 | O15: 0.2 | P15: 0.16 | Q15: =O15-P15 -> 0.04 | R15: 配合1110年全員協銷政策
A16: ★參數 | C16: 0 | H16: 投資類AUM | I16: 0.25 | J16: 0.2 | K16: 0.25 | L16: 0.25 | M16: 0.25 | N16: 0.25 | O16: 0.25 | P16: 0.25 | Q16: =O16-P16 -> 0
B17: 權重 | C17: 分攤目標 | D17: 係數 | H17: 組別 | I17: 0.05 | J17: 0.03 | K17: 0 | L17: 0 | M17: 0 | N17: 0 | O17: 0 | P17: 0
A18: 前兩年平均業績 | B18: 0.2 | C18: =B18*$B$3*(1+$C$16) -> 87160000 | D18: =ROUND(C18/'116指標1_前2年手收20%'!L186,5) -> 0.01189 | G18: =C18/J19-1 -> -0.97537853 | H18: 小計 | I18: =SUM(I13:I17) -> 1 | J18: =SUM(J13:J17) -> 1 | K18: =SUM(K13:K17) -> 1 | L18: =SUM(L13:L17) -> 1 | M18: =SUM(M13:M17) -> 1 | N18: =SUM(N13:N17) -> 1 | O18: =SUM(O13:O17) -> 1 | P18: =SUM(P13:P17) -> 1 | Q18: =SUM(Q13:Q17) -> 2.7755576e-17
A19: 存款 | B19: 0.25 | C19: =B19*$B$3*(1+$C$16) -> 108950000 | D19: =ROUND(C19/'116指標2_存款25%'!E187,5) -> 0.0001 | G19: =C19/J20-1 -> -0.9630678 | H19: ='116指標1_前2年手收20%'!L186 -> 7328527897 | J19: 3540000000 | K19: =ROUND(J19/H19, 5) -> 0.48304
A20: 人數 | B20: 0.25 | C20: =B20*$B$3*(1+$C$16) -> 108950000 | D20: =ROUND(C20/'116指標4_114分行人數25%'!O187,0) -> 19834 | G20: =C20/J21-1 -> -0.9630678 | H20: ='116指標2_存款25%'!E187 -> 1.1109825e+12 | J20: 2950000000 | K20: =ROUND(J20/H20, 5) -> 0.00266
A21: 投資類AUM | B21: 0.25 | C21: =B21*$B$3*(1+$C$16) -> 108950000 | D21: =ROUND(C21/'116指標6_理財AUM25%'!$E$187,5) -> 0.00022 | G21: =C21/J22-1 -> -0.95383475 | H21: ='116指標4_114分行人數25%'!O187 -> 5493 | J21: 2950000000 | K21: =ROUND(J21/H21, 0) -> 537047
A22: 115年組別 | B22: 0.05 | C22: =B22*$B$3*(1+$C$16) -> 21790000 | G22: =C22/J23-1 -> #REF! | H22: ='116指標6_理財AUM25%'!E187 -> 4.8744369e+11 | J22: 2360000000 | K22: =ROUND(J22/H22, 5) -> 0.00484
A23: 總計 | B23: =SUM(B18:B22) -> 1 | C23: =SUM(C18:C22) -> 435800000 | J23: =#REF!*0.03 -> #REF!
A26: ★平均存款: 活期*0.6+定期*1.4
A27: ★業績缺額=(111年1-11月年化實績-111年目標)*0.05
A28: ★計算出分行財管目標後，再依個別分行最近三年信託及保險業績佔率切分各分行的信託及保險目標

Sheet 116指標1_前2年手收20%
A1: 單位 代號 | B1: 代號 | C1: 單位名稱 | M1: ='116年參數表'!C18 -> 87160000
D2: 113年信託業績 | E2: 114年信託業績 | F2: 平均兩年 信託業績 | G2: 113年保險業績 | H2: 114年保險業績 | I2: 平均兩年 保險業績 | J2: 113年業績 | K2: 114年業績 | L2: 調整後 平均兩年業績 | M2: 本項分攤數
A3: 100 | B3: =A3*10 -> 1000 | C3: 營業部 | D3: =VLOOKUP(A3,'底稿_前2年手收20%'!A:L,11,0) -> 35880768 | E3: =VLOOKUP(A3,'底稿_前2年手收20%'!O:Z,11,0) -> 28652420 | F3: =ROUND(AVERAGE(D3:E3), 0) -> 32266594 | G3: =VLOOKUP(A3,'底稿_前2年手收20%'!A:L,12,0) -> 15914908 | H3: =VLOOKUP(A3,'底稿_前2年手收20%'!O:Z,12,0) -> 49507580 | I3: =ROUND(AVERAGE(G3:H3), 0) -> 32711244 | J3: =D3+G3 -> 51795676 | K3: =E3+H3 -> 78160000 | L3: =ROUND(AVERAGE(J3:K3), 0) -> 64977838 | M3: =ROUND(L3*(M$1/L$186), 0) -> 772798
A4: 101 | B4: =A4*10 -> 1010 | C4: 儲蓄分行 | D4: =VLOOKUP(A4,'底稿_前2年手收20%'!A:L,11,0) -> 8523850 | E4: =VLOOKUP(A4,'底稿_前2年手收20%'!O:Z,11,0) -> 9492255 | F4: =ROUND(AVERAGE(D4:E4), 0) -> 9008053 | G4: =VLOOKUP(A4,'底稿_前2年手收20%'!A:L,12,0) -> 4620909 | H4: =VLOOKUP(A4,'底稿_前2年手收20%'!O:Z,12,0) -> 11158809 | I4: =ROUND(AVERAGE(G4:H4), 0) -> 7889859 | J4: =D4+G4 -> 13144759 | K4: =E4+H4 -> 20651064 | L4: =ROUND(AVERAGE(J4:K4), 0) -> 16897912 | M4: =ROUND(L4*(M$1/L$186), 0) -> 200971
A5: 103 | B5: =A5*10 -> 1030 | C5: 城內分行 | D5: =VLOOKUP(A5,'底稿_前2年手收20%'!A:L,11,0) -> 14840766 | E5: =VLOOKUP(A5,'底稿_前2年手收20%'!O:Z,11,0) -> 16596616 | F5: =ROUND(AVERAGE(D5:E5), 0) -> 15718691 | G5: =VLOOKUP(A5,'底稿_前2年手收20%'!A:L,12,0) -> 11069234 | H5: =VLOOKUP(A5,'底稿_前2年手收20%'!O:Z,12,0) -> 17502647 | I5: =ROUND(AVERAGE(G5:H5), 0) -> 14285941 | J5: =D5+G5 -> 25910000 | K5: =E5+H5 -> 34099263 | L5: =ROUND(AVERAGE(J5:K5), 0) -> 30004632 | M5: =ROUND(L5*(M$1/L$186), 0) -> 356853
A6: 104 | B6: =A6*10 -> 1040 | C6: 大稻埕分行 | D6: =VLOOKUP(A6,'底稿_前2年手收20%'!A:L,11,0) -> 23018113 | E6: =VLOOKUP(A6,'底稿_前2年手收20%'!O:Z,11,0) -> 33069318 | F6: =ROUND(AVERAGE(D6:E6), 0) -> 28043716 | G6: =VLOOKUP(A6,'底稿_前2年手收20%'!A:L,12,0) -> 15101887 | H6: =VLOOKUP(A6,'底稿_前2年手收20%'!O:Z,12,0) -> 28569894 | I6: =ROUND(AVERAGE(G6:H6), 0) -> 21835891 | J6: =D6+G6 -> 38120000 | K6: =E6+H6 -> 61639212 | L6: =ROUND(AVERAGE(J6:K6), 0) -> 49879606 | M6: =ROUND(L6*(M$1/L$186), 0) -> 593231
A7: 105 | B7: =A7*10 -> 1050 | C7: 建成分行 | D7: =VLOOKUP(A7,'底稿_前2年手收20%'!A:L,11,0) -> 24200544 | E7: =VLOOKUP(A7,'底稿_前2年手收20%'!O:Z,11,0) -> 26120560 | F7: =ROUND(AVERAGE(D7:E7), 0) -> 25160552 | G7: =VLOOKUP(A7,'底稿_前2年手收20%'!A:L,12,0) -> 6069456 | H7: =VLOOKUP(A7,'底稿_前2年手收20%'!O:Z,12,0) -> 9682864 | I7: =ROUND(AVERAGE(G7:H7), 0) -> 7876160 | J7: =D7+G7 -> 30270000 | K7: =E7+H7 -> 35803424 | L7: =ROUND(AVERAGE(J7:K7), 0) -> 33036712 | M7: =ROUND(L7*(M$1/L$186), 0) -> 392914
A8: 106 | B8: =A8*10 -> 1060 | C8: 中山分行 | D8: =VLOOKUP(A8,'底稿_前2年手收20%'!A:L,11,0) -> 27611282 | E8: =VLOOKUP(A8,'底稿_前2年手收20%'!O:Z,11,0) -> 29012978 | F8: =ROUND(AVERAGE(D8:E8), 0) -> 28312130 | G8: =VLOOKUP(A8,'底稿_前2年手收20%'!A:L,12,0) -> 24778718 | H8: =VLOOKUP(A8,'底稿_前2年手收20%'!O:Z,12,0) -> 37796544 | I8: =ROUND(AVERAGE(G8:H8), 0) -> 31287631 | J8: =D8+G8 -> 52390000 | K8: =E8+H8 -> 66809522 | L8: =ROUND(AVERAGE(J8:K8), 0) -> 59599761 | M8: =ROUND(L8*(M$1/L$186), 0) -> 708835
A9: 107 | B9: =A9*10 -> 1070 | C9: 圓山分行 | D9: =VLOOKUP(A9,'底稿_前2年手收20%'!A:L,11,0) -> 31128343 | E9: =VLOOKUP(A9,'底稿_前2年手收20%'!O:Z,11,0) -> 48267581 | F9: =ROUND(AVERAGE(D9:E9), 0) -> 39697962 | G9: =VLOOKUP(A9,'底稿_前2年手收20%'!A:L,12,0) -> 29751657 | H9: =VLOOKUP(A9,'底稿_前2年手收20%'!O:Z,12,0) -> 56912419 | I9: =ROUND(AVERAGE(G9:H9), 0) -> 43332038 | J9: =D9+G9 -> 60880000 | K9: =E9+H9 -> 105180000 | L9: =ROUND(AVERAGE(J9:K9), 0) -> 83030000 | M9: =ROUND(L9*(M$1/L$186), 0) -> 987496
A10: 108 | B10: =A10*10 -> 1080 | C10: 城東分行 | D10: =VLOOKUP(A10,'底稿_前2年手收20%'!A:L,11,0) -> 46887301 | E10: =VLOOKUP(A10,'底稿_前2年手收20%'!O:Z,11,0) -> 36371814 | F10: =ROUND(AVERAGE(D10:E10), 0) -> 41629558 | G10: =VLOOKUP(A10,'底稿_前2年手收20%'!A:L,12,0) -> 16336254 | H10: =VLOOKUP(A10,'底稿_前2年手收20%'!O:Z,12,0) -> 40053066 | I10: =ROUND(AVERAGE(G10:H10), 0) -> 28194660 | J10: =D10+G10 -> 63223555 | K10: =E10+H10 -> 76424880 | L10: =ROUND(AVERAGE(J10:K10), 0) -> 69824218 | M10: =ROUND(L10*(M$1/L$186), 0) -> 830437
A11: 109 | B11: =A11*10 -> 1090 | C11: 西門分行 | D11: =VLOOKUP(A11,'底稿_前2年手收20%'!A:L,11,0) -> 12794732 | E11: =VLOOKUP(A11,'底稿_前2年手收20%'!O:Z,11,0) -> 11821722 | F11: =ROUND(AVERAGE(D11:E11), 0) -> 12308227 | G11: =VLOOKUP(A11,'底稿_前2年手收20%'!A:L,12,0) -> 3508853 | H11: =VLOOKUP(A11,'底稿_前2年手收20%'!O:Z,12,0) -> 8049644 | I11: =ROUND(AVERAGE(G11:H11), 0) -> 5779249 | J11: =D11+G11 -> 16303585 | K11: =E11+H11 -> 19871366 | L11: =ROUND(AVERAGE(J11:K11), 0) -> 18087476 | M11: =ROUND(L11*(M$1/L$186), 0) -> 215119
A12: 110 | B12: =A12*10 -> 1100 | C12: 南松山分行 | D12: =VLOOKUP(A12,'底稿_前2年手收20%'!A:L,11,0) -> 11691257 | E12: =VLOOKUP(A12,'底稿_前2年手收20%'!O:Z,11,0) -> 11801298 | F12: =ROUND(AVERAGE(D12:E12), 0) -> 11746278 | G12: =VLOOKUP(A12,'底稿_前2年手收20%'!A:L,12,0) -> 17938743 | H12: =VLOOKUP(A12,'底稿_前2年手收20%'!O:Z,12,0) -> 25934084 | I12: =ROUND(AVERAGE(G12:H12), 0) -> 21936414 | J12: =D12+G12 -> 29630000 | K12: =E12+H12 -> 37735382 | L12: =ROUND(AVERAGE(J12:K12), 0) -> 33682691 | M12: =ROUND(L12*(M$1/L$186), 0) -> 400597
A13: 111 | B13: =A13*10 -> 1110 | C13: 仁愛路分行 | D13: =VLOOKUP(A13,'底稿_前2年手收20%'!A:L,11,0) -> 44284935 | E13: =VLOOKUP(A13,'底稿_前2年手收20%'!O:Z,11,0) -> 43181345 | F13: =ROUND(AVERAGE(D13:E13), 0) -> 43733140 | G13: =VLOOKUP(A13,'底稿_前2年手收20%'!A:L,12,0) -> 9265065 | H13: =VLOOKUP(A13,'底稿_前2年手收20%'!O:Z,12,0) -> 19885486 | I13: =ROUND(AVERAGE(G13:H13), 0) -> 14575276 | J13: =D13+G13 -> 53550000 | K13: =E13+H13 -> 63066831 | L13: =ROUND(AVERAGE(J13:K13), 0) -> 58308416 | M13: =ROUND(L13*(M$1/L$186), 0) -> 693476
A14: 112 | B14: =A14*10 -> 1120 | C14: 南京東路分行 | D14: =VLOOKUP(A14,'底稿_前2年手收20%'!A:L,11,0) -> 27692044 | E14: =VLOOKUP(A14,'底稿_前2年手收20%'!O:Z,11,0) -> 24919008 | F14: =ROUND(AVERAGE(D14:E14), 0) -> 26305526 | G14: =VLOOKUP(A14,'底稿_前2年手收20%'!A:L,12,0) -> 7447026 | H14: =VLOOKUP(A14,'底稿_前2年手收20%'!O:Z,12,0) -> 18216884 | I14: =ROUND(AVERAGE(G14:H14), 0) -> 12831955 | J14: =D14+G14 -> 35139070 | K14: =E14+H14 -> 43135892 | L14: =ROUND(AVERAGE(J14:K14), 0) -> 39137481 | M14: =ROUND(L14*(M$1/L$186), 0) -> 465472
... A69: 178 | B69: =A69*10 -> 1780 | C69: 北投分行 | D69: =VLOOKUP(A69,'底稿_前2年手收20%'!A:L,11,0) -> 20817889 | E69: =VLOOKUP(A69,'底稿_前2年手收20%'!O:Z,11,0) -> 18602967 | F69: =ROUND(AVERAGE(D69:E69), 0) -> 19710428 | G69: =VLOOKUP(A69,'底稿_前2年手收20%'!A:L,12,0) -> 12542111 | H69: =VLOOKUP(A69,'底稿_前2年手收20%'!O:Z,12,0) -> 32957033 | I69: =ROUND(AVERAGE(G69:H69), 0) -> 22749572 | J69: =D69+G69 -> 33360000 | K69: =E69+H69 -> 51560000 | L69: =ROUND(AVERAGE(J69:K69), 0) -> 42460000 | M69: =ROUND(L69*(M$1/L$186), 0) -> 504987
A70: 179 | B70: =A70*10 -> 1790 | C70: 西湖分行 | D70: =VLOOKUP(A70,'底稿_前2年手收20%'!A:L,11,0) -> 20160971 | E70: =VLOOKUP(A70,'底稿_前2年手收20%'!O:Z,11,0) -> 18201682 | F70: =E70 -> 18201682 | G70: =VLOOKUP(A70,'底稿_前2年手收20%'!A:L,12,0) -> 15979029 | H70: =VLOOKUP(A70,'底稿_前2年手收20%'!O:Z,12,0) -> 27965759 | I70: =H70 -> 27965759 | J70: =D70+G70 -> 36140000 | K70: =E70+H70 -> 46167441 | L70: =ROUND(AVERAGE(J70:K70), 0) -> 41153721 | M70: =ROUND(L70*(M$1/L$186), 0) -> 489451
A71: 180 | B71: =A71*10 -> 1800 | C71: 積穗分行 | D71: =VLOOKUP(A71,'底稿_前2年手收20%'!A:L,11,0) -> 15852408 | E71: =VLOOKUP(A71,'底稿_前2年手收20%'!O:Z,11,0) -> 18611316 | F71: =ROUND(AVERAGE(D71:E71), 0) -> 17231862 | G71: =VLOOKUP(A71,'底稿_前2年手收20%'!A:L,12,0) -> 14638426 | H71: =VLOOKUP(A71,'底稿_前2年手收20%'!O:Z,12,0) -> 46658684 | I71: =ROUND(AVERAGE(G71:H71), 0) -> 30648555 | J71: =D71+G71 -> 30490834 | K71: =E71+H71 -> 65270000 | L71: =ROUND(AVERAGE(J71:K71), 0) -> 47880417 | M71: =ROUND(L71*(M$1/L$186), 0) -> 569454
A72: 182 | B72: =A72*10 -> 1820 | C72: 福和分行 | D72: =VLOOKUP(A72,'底稿_前2年手收20%'!A:L,11,0) -> 9002135 | E72: =VLOOKUP(A72,'底稿_前2年手收20%'!O:Z,11,0) -> 8135303 | F72: =ROUND(AVERAGE(D72:E72), 0) -> 8568719 | G72: =VLOOKUP(A72,'底稿_前2年手收20%'!A:L,12,0) -> 9560942 | H72: =VLOOKUP(A72,'底稿_前2年手收20%'!O:Z,12,0) -> 16256332 | I72: =ROUND(AVERAGE(G72:H72), 0) -> 12908637 | J72: =D72+G72 -> 18563077 | K72: =E72+H72 -> 24391635 | L72: =ROUND(AVERAGE(J72:K72), 0) -> 21477356 | M72: =ROUND(L72*(M$1/L$186), 0) -> 255436
A73: 183 | B73: =A73*10 -> 1830 | C73: 南勢角分行 | D73: =VLOOKUP(A73,'底稿_前2年手收20%'!A:L,11,0) -> 8666976 | E73: =VLOOKUP(A73,'底稿_前2年手收20%'!O:Z,11,0) -> 9320804 | F73: =ROUND(AVERAGE(D73:E73), 0) -> 8993890 | G73: =VLOOKUP(A73,'底稿_前2年手收20%'!A:L,12,0) -> 10376980 | H73: =VLOOKUP(A73,'底稿_前2年手收20%'!O:Z,12,0) -> 16574637 | I73: =ROUND(AVERAGE(G73:H73), 0) -> 13475809 | J73: =D73+G73 -> 19043956 | K73: =E73+H73 -> 25895441 | L73: =ROUND(AVERAGE(J73:K73), 0) -> 22469699 | M73: =ROUND(L73*(M$1/L$186), 0) -> 267238
A74: 184 | B74: =A74*10 -> 1840 | C74: 北蘆洲分行 | D74: =VLOOKUP(A74,'底稿_前2年手收20%'!A:L,11,0) -> 12522894 | E74: =VLOOKUP(A74,'底稿_前2年手收20%'!O:Z,11,0) -> 14963636 | F74: =ROUND(AVERAGE(D74:E74), 0) -> 13743265 | G74: =VLOOKUP(A74,'底稿_前2年手收20%'!A:L,12,0) -> 14437106 | H74: =VLOOKUP(A74,'底稿_前2年手收20%'!O:Z,12,0) -> 31296364 | I74: =ROUND(AVERAGE(G74:H74), 0) -> 22866735 | J74: =D74+G74 -> 26960000 | K74: =E74+H74 -> 46260000 | L74: =ROUND(AVERAGE(J74:K74), 0) -> 36610000 | M74: =ROUND(L74*(M$1/L$186), 0) -> 435412
A75: 185 | B75: =A75*10 -> 1850 | C75: 蘆洲分行 | D75: =VLOOKUP(A75,'底稿_前2年手收20%'!A:L,11,0) -> 22021401 | E75: =VLOOKUP(A75,'底稿_前2年手收20%'!O:Z,11,0) -> 20580287 | F75: =ROUND(AVERAGE(D75:E75), 0) -> 21300844 | G75: =VLOOKUP(A75,'底稿_前2年手收20%'!A:L,12,0) -> 19528599 | H75: =VLOOKUP(A75,'底稿_前2年手收20%'!O:Z,12,0) -> 49209713 | I75: =ROUND(AVERAGE(G75:H75), 0) -> 34369156 | J75: =D75+G75 -> 41550000 | K75: =E75+H75 -> 69790000 | L75: =ROUND(AVERAGE(J75:K75), 0) -> 55670000 | M75: =ROUND(L75*(M$1/L$186), 0) -> 662097
A76: 186 | B76: =A76*10 -> 1860 | C76: 土城分行 | D76: =VLOOKUP(A76,'底稿_前2年手收20%'!A:L,11,0) -> 11210277 | E76: =VLOOKUP(A76,'底稿_前2年手收20%'!O:Z,11,0) -> 11666813 | F76: =ROUND(AVERAGE(D76:E76), 0) -> 11438545 | G76: =VLOOKUP(A76,'底稿_前2年手收20%'!A:L,12,0) -> 15969723 | H76: =VLOOKUP(A76,'底稿_前2年手收20%'!O:Z,12,0) -> 25454938 | I76: =ROUND(AVERAGE(G76:H76), 0) -> 20712331 | J76: =D76+G76 -> 27180000 | K76: =E76+H76 -> 37121751 | L76: =ROUND(AVERAGE(J76:K76), 0) -> 32150876 | M76: =ROUND(L76*(M$1/L$186), 0) -> 382378
A77: 187 | B77: =A77*10 -> 1870 | C77: 北新分行 | D77: =VLOOKUP(A77,'底稿_前2年手收20%'!A:L,11,0) -> 20593697 | E77: =VLOOKUP(A77,'底稿_前2年手收20%'!O:Z,11,0) -> 28462679 | F77: =ROUND(AVERAGE(D77:E77), 0) -> 24528188 | G77: =VLOOKUP(A77,'底稿_前2年手收20%'!A:L,12,0) -> 6956303 | H77: =VLOOKUP(A77,'底稿_前2年手收20%'!O:Z,12,0) -> 19517321 | I77: =ROUND(AVERAGE(G77:H77), 0) -> 13236812 | J77: =D77+G77 -> 27550000 | K77: =E77+H77 -> 47980000 | L77: =ROUND(AVERAGE(J77:K77), 0) -> 37765000 | M77: =ROUND(L77*(M$1/L$186), 0) -> 449149
A78: 189 | B78: =A78*10 -> 1890 | C78: 天母分行 | D78: =VLOOKUP(A78,'底稿_前2年手收20%'!A:L,11,0) -> 26083800 | E78: =VLOOKUP(A78,'底稿_前2年手收20%'!O:Z,11,0) -> 32622990 | F78: =ROUND(AVERAGE(D78:E78), 0) -> 29353395 | G78: =VLOOKUP(A78,'底稿_前2年手收20%'!A:L,12,0) -> 11686200 | H78: =VLOOKUP(A78,'底稿_前2年手收20%'!O:Z,12,0) -> 29817010 | I78: =ROUND(AVERAGE(G78:H78), 0) -> 20751605 | J78: =D78+G78 -> 37770000 | K78: =E78+H78 -> 62440000 | L78: =ROUND(AVERAGE(J78:K78), 0) -> 50105000 | M78: =ROUND(L78*(M$1/L$186), 0) -> 595911
A79: 190 | B79: =A79*10 -> 1900 | C79: 內湖分行 | D79: =VLOOKUP(A79,'底稿_前2年手收20%'!A:L,11,0) -> 17437910 | E79: =VLOOKUP(A79,'底稿_前2年手收20%'!O:Z,11,0) -> 25231760 | F79: =ROUND(AVERAGE(D79:E79), 0) -> 21334835 | G79: =VLOOKUP(A79,'底稿_前2年手收20%'!A:L,12,0) -> 12417148 | H79: =VLOOKUP(A79,'底稿_前2年手收20%'!O:Z,12,0) -> 23034946 | I79: =ROUND(AVERAGE(G79:H79), 0) -> 17726047 | J79: =D79+G79 -> 29855058 | K79: =E79+H79 -> 48266706 | L79: =ROUND(AVERAGE(J79:K79), 0) -> 39060882 | M79: =ROUND(L79*(M$1/L$186), 0) -> 464561
A80: 191 | B80: =A80*10 -> 1910 | C80: 樹林分行 | D80: =VLOOKUP(A80,'底稿_前2年手收20%'!A:L,11,0) -> 22634837 | E80: =VLOOKUP(A80,'底稿_前2年手收20%'!O:Z,11,0) -> 29809163 | F80: =ROUND(AVERAGE(D80:E80), 0) -> 26222000 | G80: =VLOOKUP(A80,'底稿_前2年手收20%'!A:L,12,0) -> 17825163 | H80: =VLOOKUP(A80,'底稿_前2年手收20%'!O:Z,12,0) -> 36203938 | I80: =ROUND(AVERAGE(G80:H80), 0) -> 27014551 | J80: =D80+G80 -> 40460000 | K80: =E80+H80 -> 66013101 | L80: =ROUND(AVERAGE(J80:K80), 0) -> 53236551 | M80: =ROUND(L80*(M$1/L$186), 0) -> 633156
A81: 192 | B81: =A81*10 -> 1920 | C81: 樟樹灣分行 | D81: =VLOOKUP(A81,'底稿_前2年手收20%'!A:L,11,0) -> 17478462 | E81: =VLOOKUP(A81,'底稿_前2年手收20%'!O:Z,11,0) -> 15965516 | F81: =ROUND(AVERAGE(D81:E81), 0) -> 16721989 | G81: =VLOOKUP(A81,'底稿_前2年手收20%'!A:L,12,0) -> 20101670 | H81: =VLOOKUP(A81,'底稿_前2年手收20%'!O:Z,12,0) -> 40452589 | I81: =ROUND(AVERAGE(G81:H81), 0) -> 30277130 | J81: =D81+G81 -> 37580132 | K81: =E81+H81 -> 56418105 | L81: =ROUND(AVERAGE(J81:K81), 0) -> 46999119 | M81: =ROUND(L81*(M$1/L$186), 0) -> 558972
A82: 193 | B82: =A82*10 -> 1930 | C82: 泰山分行 | D82: =VLOOKUP(A82,'底稿_前2年手收20%'!A:L,11,0) -> 18809802 | E82: =VLOOKUP(A82,'底稿_前2年手收20%'!O:Z,11,0) -> 14630657 | F82: =ROUND(AVERAGE(D82:E82), 0) -> 16720230 | G82: =VLOOKUP(A82,'底稿_前2年手收20%'!A:L,12,0) -> 9179268 | H82: =VLOOKUP(A82,'底稿_前2年手收20%'!O:Z,12,0) -> 27077105 | I82: =ROUND(AVERAGE(G82:H82), 0) -> 18128187 | J82: =D82+G82 -> 27989070 | K82: =E82+H82 -> 41707762 | L82: =ROUND(AVERAGE(J82:K82), 0) -> 34848416 | M82: =ROUND(L82*(M$1/L$186), 0) -> 414461
... A178: 753 | B178: =A178*10 -> 7530 | C178: 光華分行 | D178: =VLOOKUP(A178,'底稿_前2年手收20%'!A:L,11,0) -> 10907651 | E178: =VLOOKUP(A178,'底稿_前2年手收20%'!O:Z,11,0) -> 20274803 | F178: =ROUND(AVERAGE(D178:E178), 0) -> 15591227 | G178: =VLOOKUP(A178,'底稿_前2年手收20%'!A:L,12,0) -> 11312349 | H178: =VLOOKUP(A178,'底稿_前2年手收20%'!O:Z,12,0) -> 17995197 | I178: =ROUND(AVERAGE(G178:H178), 0) -> 14653773 | J178: =D178+G178 -> 22220000 | K178: =E178+H178 -> 38270000 | L178: =ROUND(AVERAGE(J178:K178), 0) -> 30245000 | M178: =ROUND(L178*(M$1/L$186), 0) -> 359711
A179: 760 | B179: =A179*10 -> 7600 | C179: 小港分行 | D179: =D188+D189 -> 10845463 | E179: =E188+E189 -> 14435571 | F179: =ROUND(AVERAGE(D179:E179), 0) -> 12640517 | G179: =G188+G189 -> 30564630 | H179: =H188+H189 -> 46689479 | I179: =ROUND(AVERAGE(G179:H179), 0) -> 38627055 | J179: =D179+G179 -> 41410093 | K179: =E179+H179 -> 61125050 | L179: =ROUND(AVERAGE(J179:K179), 0) -> 51267572 | M179: =ROUND(L179*(M$1/L$186), 0) -> 609738
A180: 800 | B180: =A180*10 -> 8000 | C180: 屏東分行 | D180: =VLOOKUP(A180,'底稿_前2年手收20%'!A:L,11,0) -> 17087300 | E180: =VLOOKUP(A180,'底稿_前2年手收20%'!O:Z,11,0) -> 15175898 | F180: =ROUND(AVERAGE(D180:E180), 0) -> 16131599 | G180: =VLOOKUP(A180,'底稿_前2年手收20%'!A:L,12,0) -> 15172700 | H180: =VLOOKUP(A180,'底稿_前2年手收20%'!O:Z,12,0) -> 34814592 | I180: =ROUND(AVERAGE(G180:H180), 0) -> 24993646 | J180: =D180+G180 -> 32260000 | K180: =E180+H180 -> 49990490 | L180: =ROUND(AVERAGE(J180:K180), 0) -> 41125245 | M180: =ROUND(L180*(M$1/L$186), 0) -> 489113
A181: 801 | B181: =A181*10 -> 8010 | C181: 內埔分行 | D181: =VLOOKUP(A181,'底稿_前2年手收20%'!A:L,11,0) -> 16499753 | E181: =VLOOKUP(A181,'底稿_前2年手收20%'!O:Z,11,0) -> 15677731 | F181: =ROUND(AVERAGE(D181:E181), 0) -> 16088742 | G181: =VLOOKUP(A181,'底稿_前2年手收20%'!A:L,12,0) -> 27830247 | H181: =VLOOKUP(A181,'底稿_前2年手收20%'!O:Z,12,0) -> 57552269 | I181: =ROUND(AVERAGE(G181:H181), 0) -> 42691258 | J181: =D181+G181 -> 44330000 | K181: =E181+H181 -> 73230000 | L181: =ROUND(AVERAGE(J181:K181), 0) -> 58780000 | M181: =ROUND(L181*(M$1/L$186), 0) -> 699085
A182: 802 | B182: =A182*10 -> 8020 | C182: 潮州分行 | D182: =D192+D193 -> 16611517 | E182: =E192+E193 -> 22713608 | F182: =ROUND(AVERAGE(D182:E182), 0) -> 19662563 | G182: =G192+G193 -> 34728483 | H182: =H192+H193 -> 57961191 | I182: =ROUND(AVERAGE(G182:H182), 0) -> 46344837 | J182: =D182+G182 -> 51340000 | K182: =E182+H182 -> 80674799 | L182: =ROUND(AVERAGE(J182:K182), 0) -> 66007400 | M182: =ROUND(L182*(M$1/L$186), 0) -> 785042
A183: 820 | B183: =A183*10 -> 8200 | C183: 花蓮分行 | D183: =VLOOKUP(A183,'底稿_前2年手收20%'!A:L,11,0) -> 12136905 | E183: =VLOOKUP(A183,'底稿_前2年手收20%'!O:Z,11,0) -> 15521974 | F183: =ROUND(AVERAGE(D183:E183), 0) -> 13829440 | G183: =VLOOKUP(A183,'底稿_前2年手收20%'!A:L,12,0) -> 16633095 | H183: =VLOOKUP(A183,'底稿_前2年手收20%'!O:Z,12,0) -> 31428026 | I183: =ROUND(AVERAGE(G183:H183), 0) -> 24030561 | J183: =D183+G183 -> 28770000 | K183: =E183+H183 -> 46950000 | L183: =ROUND(AVERAGE(J183:K183), 0) -> 37860000 | M183: =ROUND(L183*(M$1/L$186), 0) -> 450278
A184: 830 | B184: =A184*10 -> 8300 | C184: 台東分行 | D184: =VLOOKUP(A184,'底稿_前2年手收20%'!A:L,11,0) -> 9195123 | E184: =VLOOKUP(A184,'底稿_前2年手收20%'!O:Z,11,0) -> 9661962 | F184: =ROUND(AVERAGE(D184:E184), 0) -> 9428543 | G184: =VLOOKUP(A184,'底稿_前2年手收20%'!A:L,12,0) -> 7814783 | H184: =VLOOKUP(A184,'底稿_前2年手收20%'!O:Z,12,0) -> 11280767 | I184: =ROUND(AVERAGE(G184:H184), 0) -> 9547775 | J184: =D184+G184 -> 17009906 | K184: =E184+H184 -> 20942729 | L184: =ROUND(AVERAGE(J184:K184), 0) -> 18976318 | M184: =ROUND(L184*(M$1/L$186), 0) -> 225690
A185: 888 | B185: =A185*10 -> 8880 | C185: 營運總部分行 | D185: =VLOOKUP(A185,'底稿_前2年手收20%'!A:L,11,0) -> 5811548 | E185: =VLOOKUP(A185,'底稿_前2年手收20%'!O:Z,11,0) -> 6168872 | F185: =ROUND(AVERAGE(D185:E185), 0) -> 5990210 | G185: =VLOOKUP(A185,'底稿_前2年手收20%'!A:L,12,0) -> 2148670 | H185: =VLOOKUP(A185,'底稿_前2年手收20%'!O:Z,12,0) -> 5048465 | I185: =ROUND(AVERAGE(G185:H185), 0) -> 3598568 | J185: =D185+G185 -> 7960218 | K185: =E185+H185 -> 11217337 | L185: =ROUND(AVERAGE(J185:K185), 0) -> 9588778 | M185: =ROUND(L185*(M$1/L$186), 0) -> 114042
D186: =SUM(D3:D185) -> 2964116662 | E186: =SUM(E3:E185) -> 3310260839 | F186: =ROUND(AVERAGE(D186:E186), 0) -> 3137188751 | G186: =SUM(G3:G185) -> 2817334021 | H186: =SUM(H3:H185) -> 5565344208 | I186: =ROUND(AVERAGE(G186:H186), 0) -> 4191339115 | J186: =D186+G186 -> 5781450683 | K186: =E186+H186 -> 8875605047 | L186: =SUM(L3:L185) -> 7328527897 | M186: =SUM(M3:M185) -> 87160004
A188: 760 | B188: 7600 | C188: 小港分行 | D188: 5317229 | E188: 6165408 | F188: 5741319 | G188: 18002864 | H188: 23699642 | I188: 20851253 | J188: 23320093 | K188: 29865050 | L188: 26592572 | M188: #REF!
A189: 765 | B189: 7650 | C189: 高雄桂林分行 | D189: 5528234 | E189: 8270163 | F189: 6899199 | G189: 12561766 | H189: 22989837 | I189: 17775802 | J189: 18090000 | K189: 31260000 | L189: 24675000 | M189: #REF!
A192: 802 | B192: 8020 | C192: 潮州分行 | D192: 9884291 | E192: 12494173 | F192: 11189232 | G192: 19905709 | H192: 35886608 | I192: 27896159 | J192: 29790000 | K192: 48380781 | L192: 39085391 | M192: #REF!
A193: 813 | B193: 8130 | C193: 佳冬分行 | D193: 6727226 | E193: 10219435 | F193: 8473331 | G193: 14822774 | H193: 22074583 | I193: 18448679 | J193: 21550000 | K193: 32294018 | L193: 26922009 | M193: #REF!

Sheet 底稿_前2年手收20%
A1: 1 | B1: 2 | C1: 3 | D1: 4 | E1: 5 | F1: 6 | G1: 7 | H1: 8 | I1: 9 | J1: 10 | K1: 11 | L1: 12 | O1: 1 | P1: 2 | Q1: 3 | R1: 4 | S1: 10 | T1: 6 | U1: 10 | V1: 8 | W1: 9 | X1: 10 | Y1: 11 | Z1: 12
B4: 組織層別 :1 | P4: 組織層別 :1
A5: 113年 | H5: 要改!!!! | O5: 114年 | S5: 114年化業績 | V5: 要改!!!!
B6: 單位代號 | C6: 分行 | E6: 保險(1-12業績) | F6: 信託(1-12業績) | G6: 合計(1-12業績) | H6: 調整後目標 | P6: 單位代號 | Q6: 分行 | S6: 保險(1-12業績) | T6: 信託(1-12業績) | U6: 合計(1-12業績) | V6: 調整後目標
I7: 達成率% | J7: 實績與目標取其低 | K7: 信託 | L7: 保險 | W7: 達成率% | X7: 實績與目標取其低 | Y7: 信託 | Z7: 保險
A8: 100 | B8: 1000 | C8: 營業部 | D8: 北一區 | E8: =VLOOKUP(A8,'113分行業績'!A:L,12,0) -> 15914908 | F8: =G8-E8 -> 35880768 | G8: =VLOOKUP(A8,'113分行業績'!A:AU,47,0) -> 51795676 | H8: =VLOOKUP(A8,'113分行業績'!A:AV,48,0) -> 54720000 | I8: =IF(ISERROR(G8/H8), 0, G8/H8) -> 0.9465584 | J8: =ROUND(MIN(G8,H8), 0) -> 51795676 | K8: =IF(ISERROR(ROUND(J8*(F8/G8), 0)), 0, ROUND(J8*(F8/G8), 0)) -> 35880768 | L8: =J8-K8 -> 15914908 | O8: 100 | P8: 1000 | Q8: 營業部 | R8: 北一區 | S8: =VLOOKUP(O8,'114分行業績'!A:L,12,0) -> 61411318 | T8: =U8-S8 -> 35541687 | U8: =VLOOKUP(O8,'114分行業績'!A:AU,47,0) -> 96953005 | V8: =VLOOKUP(O8,'114分行業績'!A:AV,48,0) -> 78160000 | W8: =IF(ISERROR(U8/V8), 0, U8/V8) -> 1.2404427 | X8: =ROUND(MIN(U8,V8), 0) -> 78160000 | Y8: =IF(ISERROR(ROUND(X8*(T8/U8), 0)), 0, ROUND(X8*(T8/U8), 0)) -> 28652420 | Z8: =X8-Y8 -> 49507580
A9: 101 | B9: 1010 | C9: 儲蓄分行 | D9: 北一區 | E9: =VLOOKUP(A9,'113分行業績'!A:L,12,0) -> 4620909 | F9: =G9-E9 -> 8523850.3 | G9: =VLOOKUP(A9,'113分行業績'!A:AU,47,0) -> 13144759 | H9: =VLOOKUP(A9,'113分行業績'!A:AV,48,0) -> 23550000 | I9: =IF(ISERROR(G9/H9), 0, G9/H9) -> 0.55816388 | J9: =ROUND(MIN(G9,H9), 0) -> 13144759 | K9: =IF(ISERROR(ROUND(J9*(F9/G9), 0)), 0, ROUND(J9*(F9/G9), 0)) -> 8523850 | L9: =J9-K9 -> 4620909 | O9: 101 | P9: 1010 | Q9: 儲蓄分行 | R9: 北一區 | S9: =VLOOKUP(O9,'114分行業績'!A:L,12,0) -> 11158809 | T9: =U9-S9 -> 9492255.1 | U9: =VLOOKUP(O9,'114分行業績'!A:AU,47,0) -> 20651064 | V9: =VLOOKUP(O9,'114分行業績'!A:AV,48,0) -> 29230000 | W9: =IF(ISERROR(U9/V9), 0, U9/V9) -> 0.70650236 | X9: =ROUND(MIN(U9,V9), 0) -> 20651064 | Y9: =IF(ISERROR(ROUND(X9*(T9/U9), 0)), 0, ROUND(X9*(T9/U9), 0)) -> 9492255 | Z9: =X9-Y9 -> 11158809
A10: 103 | B10: 1030 | C10: 城內分行 | D10: 北一區 | E10: =VLOOKUP(A10,'113分行業績'!A:L,12,0) -> 11366871 | F10: =G10-E10 -> 15239814 | G10: =VLOOKUP(A10,'113分行業績'!A:AU,47,0) -> 26606685 | H10: =VLOOKUP(A10,'113分行業績'!A:AV,48,0) -> 25910000 | I10: =IF(ISERROR(G10/H10), 0, G10/H10) -> 1.0268887 | J10: =ROUND(MIN(G10,H10), 0) -> 25910000 | K10: =IF(ISERROR(ROUND(J10*(F10/G10), 0)), 0, ROUND(J10*(F10/G10), 0)) -> 14840766 | L10: =J10-K10 -> 11069234 | O10: 103 | P10: 1030 | Q10: 城內分行 | R10: 北一區 | S10: =VLOOKUP(O10,'114分行業績'!A:L,12,0) -> 17502647 | T10: =U10-S10 -> 16596616 | U10: =VLOOKUP(O10,'114分行業績'!A:AU,47,0) -> 34099263 | V10: =VLOOKUP(O10,'114分行業績'!A:AV,48,0) -> 39690000 | W10: =IF(ISERROR(U10/V10), 0, U10/V10) -> 0.85913992 | X10: =ROUND(MIN(U10,V10), 0) -> 34099263 | Y10: =IF(ISERROR(ROUND(X10*(T10/U10), 0)), 0, ROUND(X10*(T10/U10), 0)) -> 16596616 | Z10: =X10-Y10 -> 17502647
A11: 104 | B11: 1040 | C11: 大稻埕分行 | D11: 北一區 | E11: =VLOOKUP(A11,'113分行業績'!A:L,12,0) -> 19923815 | F11: =G11-E11 -> 30367638 | G11: =VLOOKUP(A11,'113分行業績'!A:AU,47,0) -> 50291453 | H11: =VLOOKUP(A11,'113分行業績'!A:AV,48,0) -> 38120000 | I11: =IF(ISERROR(G11/H11), 0, G11/H11) -> 1.3192931 | J11: =ROUND(MIN(G11,H11), 0) -> 38120000 | K11: =IF(ISERROR(ROUND(J11*(F11/G11), 0)), 0, ROUND(J11*(F11/G11), 0)) -> 23018113 | L11: =J11-K11 -> 15101887 | O11: 104 | P11: 1040 | Q11: 大稻埕分行 | R11: 北一區 | S11: =VLOOKUP(O11,'114分行業績'!A:L,12,0) -> 28569894 | T11: =U11-S11 -> 33069318 | U11: =VLOOKUP(O11,'114分行業績'!A:AU,47,0) -> 61639212 | V11: =VLOOKUP(O11,'114分行業績'!A:AV,48,0) -> 64940000 | W11: =IF(ISERROR(U11/V11), 0, U11/V11) -> 0.94917173 | X11: =ROUND(MIN(U11,V11), 0) -> 61639212 | Y11: =IF(ISERROR(ROUND(X11*(T11/U11), 0)), 0, ROUND(X11*(T11/U11), 0)) -> 33069318 | Z11: =X11-Y11 -> 28569894
A12: 105 | B12: 1050 | C12: 建成分行 | D12: 北一區 | E12: =VLOOKUP(A12,'113分行業績'!A:L,12,0) -> 6570842 | F12: =G12-E12 -> 26199703 | G12: =VLOOKUP(A12,'113分行業績'!A:AU,47,0) -> 32770545 | H12: =VLOOKUP(A12,'113分行業績'!A:AV,48,0) -> 30270000 | I12: =IF(ISERROR(G12/H12), 0, G12/H12) -> 1.082608 | J12: =ROUND(MIN(G12,H12), 0) -> 30270000 | K12: =IF(ISERROR(ROUND(J12*(F12/G12), 0)), 0, ROUND(J12*(F12/G12), 0)) -> 24200544 | L12: =J12-K12 -> 6069456 | O12: 105 | P12: 1050 | Q12: 建成分行 | R12: 北一區 | S12: =VLOOKUP(O12,'114分行業績'!A:L,12,0) -> 9682864 | T12: =U12-S12 -> 26120560 | U12: =VLOOKUP(O12,'114分行業績'!A:AU,47,0) -> 35803424 | V12: =VLOOKUP(O12,'114分行業績'!A:AV,48,0) -> 48860000 | W12: =IF(ISERROR(U12/V12), 0, U12/V12) -> 0.73277577 | X12: =ROUND(MIN(U12,V12), 0) -> 35803424 | Y12: =IF(ISERROR(ROUND(X12*(T12/U12), 0)), 0, ROUND(X12*(T12/U12), 0)) -> 26120560 | Z12: =X12-Y12 -> 9682864
A13: 106 | B13: 1060 | C13: 中山分行 | D13: 北一區 | E13: =VLOOKUP(A13,'113分行業績'!A:L,12,0) -> 28306332 | F13: =G13-E13 -> 31542152 | G13: =VLOOKUP(A13,'113分行業績'!A:AU,47,0) -> 59848484 | H13: =VLOOKUP(A13,'113分行業績'!A:AV,48,0) -> 52390000 | I13: =IF(ISERROR(G13/H13), 0, G13/H13) -> 1.1423647 | J13: =ROUND(MIN(G13,H13), 0) -> 52390000 | K13: =IF(ISERROR(ROUND(J13*(F13/G13), 0)), 0, ROUND(J13*(F13/G13), 0)) -> 27611282 | L13: =J13-K13 -> 24778718 | O13: 106 | P13: 1060 | Q13: 中山分行 | R13: 北一區 | S13: =VLOOKUP(O13,'114分行業績'!A:L,12,0) -> 37796544 | T13: =U13-S13 -> 29012978 | U13: =VLOOKUP(O13,'114分行業績'!A:AU,47,0) -> 66809522 | V13: =VLOOKUP(O13,'114分行業績'!A:AV,48,0) -> 85510000 | W13: =IF(ISERROR(U13/V13), 0, U13/V13) -> 0.78130653 | X13: =ROUND(MIN(U13,V13), 0) -> 66809522 | Y13: =IF(ISERROR(ROUND(X13*(T13/U13), 0)), 0, ROUND(X13*(T13/U13), 0)) -> 29012978 | Z13: =X13-Y13 -> 37796544
A14: 107 | B14: 1070 | C14: 圓山分行 | D14: 北一區 | E14: =VLOOKUP(A14,'113分行業績'!A:L,12,0) -> 44887472 | F14: =G14-E14 -> 46964531 | G14: =VLOOKUP(A14,'113分行業績'!A:AU,47,0) -> 91852003 | H14: =VLOOKUP(A14,'113分行業績'!A:AV,48,0) -> 60880000 | I14: =IF(ISERROR(G14/H14), 0, G14/H14) -> 1.5087386 | J14: =ROUND(MIN(G14,H14), 0) -> 60880000 | K14: =IF(ISERROR(ROUND(J14*(F14/G14), 0)), 0, ROUND(J14*(F14/G14), 0)) -> 31128343 | L14: =J14-K14 -> 29751657 | O14: 107 | P14: 1070 | Q14: 圓山分行 | R14: 北一區 | S14: =VLOOKUP(O14,'114分行業績'!A:L,12,0) -> 56947060 | T14: =U14-S14 -> 48296959 | U14: =VLOOKUP(O14,'114分行業績'!A:AU,47,0) -> 1.0524402e+08 | V14: =VLOOKUP(O14,'114分行業績'!A:AV,48,0) -> 105180000 | W14: =IF(ISERROR(U14/V14), 0, U14/V14) -> 1.0006087 | X14: =ROUND(MIN(U14,V14), 0) -> 105180000 | Y14: =IF(ISERROR(ROUND(X14*(T14/U14), 0)), 0, ROUND(X14*(T14/U14), 0)) -> 48267581 | Z14: =X14-Y14 -> 56912419
A15: 108 | B15: 1080 | C15: 城東分行 | D15: 北一區 | E15: =VLOOKUP(A15,'113分行業績'!A:L,12,0) -> 16336254 | F15: =G15-E15 -> 46887301 | G15: =VLOOKUP(A15,'113分行業績'!A:AU,47,0) -> 63223555 | H15: =VLOOKUP(A15,'113分行業績'!A:AV,48,0) -> 68440000 | I15: =IF(ISERROR(G15/H15), 0, G15/H15) -> 0.92378075 | J15: =ROUND(MIN(G15,H15), 0) -> 63223555 | K15: =IF(ISERROR(ROUND(J15*(F15/G15), 0)), 0, ROUND(J15*(F15/G15), 0)) -> 46887301 | L15: =J15-K15 -> 16336254 | O15: 108 | P15: 1080 | Q15: 城東分行 | R15: 北一區 | S15: =VLOOKUP(O15,'114分行業績'!A:L,12,0) -> 40053066 | T15: =U15-S15 -> 36371814 | U15: =VLOOKUP(O15,'114分行業績'!A:AU,47,0) -> 76424880 | V15: =VLOOKUP(O15,'114分行業績'!A:AV,48,0) -> 115000000 | W15: =IF(ISERROR(U15/V15), 0, U15/V15) -> 0.66456417 | X15: =ROUND(MIN(U15,V15), 0) -> 76424880 | Y15: =IF(ISERROR(ROUND(X15*(T15/U15), 0)), 0, ROUND(X15*(T15/U15), 0)) -> 36371814 | Z15: =X15-Y15 -> 40053066
A16: 109 | B16: 1090 | C16: 西門分行 | D16: 北一區 | E16: =VLOOKUP(A16,'113分行業績'!A:L,12,0) -> 3508853 | F16: =G16-E16 -> 12794732 | G16: =VLOOKUP(A16,'113分行業績'!A:AU,47,0) -> 16303585 | H16: =VLOOKUP(A16,'113分行業績'!A:AV,48,0) -> 25160000 | I16: =IF(ISERROR(G16/H16), 0, G16/H16) -> 0.64799624 | J16: =ROUND(MIN(G16,H16), 0) -> 16303585 | K16: =IF(ISERROR(ROUND(J16*(F16/G16), 0)), 0, ROUND(J16*(F16/G16), 0)) -> 12794732 | L16: =J16-K16 -> 3508853 | O16: 109 | P16: 1090 | Q16: 西門分行 | R16: 北一區 | S16: =VLOOKUP(O16,'114分行業績'!A:L,12,0) -> 8049644 | T16: =U16-S16 -> 11821722 | U16: =VLOOKUP(O16,'114分行業績'!A:AU,47,0) -> 19871366 | V16: =VLOOKUP(O16,'114分行業績'!A:AV,48,0) -> 30930000 | W16: =IF(ISERROR(U16/V16), 0, U16/V16) -> 0.64246253 | X16: =ROUND(MIN(U16,V16), 0) -> 19871366 | Y16: =IF(ISERROR(ROUND(X16*(T16/U16), 0)), 0, ROUND(X16*(T16/U16), 0)) -> 11821722 | Z16: =X16-Y16 -> 8049644
A17: 110 | B17: 1100 | C17: 南松山分行 | D17: 北一區 | E17: =VLOOKUP(A17,'113分行業績'!A:L,12,0) -> 20040887 | F17: =G17-E17 -> 13061293 | G17: =VLOOKUP(A17,'113分行業績'!A:AU,47,0) -> 33102180 | H17: =VLOOKUP(A17,'113分行業績'!A:AV,48,0) -> 29630000 | I17: =IF(ISERROR(G17/H17), 0, G17/H17) -> 1.1171846 | J17: =ROUND(MIN(G17,H17), 0) -> 29630000 | K17: =IF(ISERROR(ROUND(J17*(F17/G17), 0)), 0, ROUND(J17*(F17/G17), 0)) -> 11691257 | L17: =J17-K17 -> 17938743 | O17: 110 | P17: 1100 | Q17: 南松山分行 | R17: 北一區 | S17: =VLOOKUP(O17,'114分行業績'!A:L,12,0) -> 25934084 | T17: =U17-S17 -> 11801298 | U17: =VLOOKUP(O17,'114分行業績'!A:AU,47,0) -> 37735382 | V17: =VLOOKUP(O17,'114分行業績'!A:AV,48,0) -> 51170000 | W17: =IF(ISERROR(U17/V17), 0, U17/V17) -> 0.73745128 | X17: =ROUND(MIN(U17,V17), 0) -> 37735382 | Y17: =IF(ISERROR(ROUND(X17*(T17/U17), 0)), 0, ROUND(X17*(T17/U17), 0)) -> 11801298 | Z17: =X17-Y17 -> 25934084
A18: 111 | B18: 1110 | C18: 仁愛路分行 | D18: 北一區 | E18: =VLOOKUP(A18,'113分行業績'!A:L,12,0) -> 10069556 | F18: =G18-E18 -> 48130221 | G18: =VLOOKUP(A18,'113分行業績'!A:AU,47,0) -> 58199777 | H18: =VLOOKUP(A18,'113分行業績'!A:AV,48,0) -> 53550000 | I18: =IF(ISERROR(G18/H18), 0, G18/H18) -> 1.0868306 | J18: =ROUND(MIN(G18,H18), 0) -> 53550000 | K18: =IF(ISERROR(ROUND(J18*(F18/G18), 0)), 0, ROUND(J18*(F18/G18), 0)) -> 44284935 | L18: =J18-K18 -> 9265065 | O18: 111 | P18: 1110 | Q18: 仁愛路分行 | R18: 北一區 | S18: =VLOOKUP(O18,'114分行業績'!A:L,12,0) -> 19885486 | T18: =U18-S18 -> 43181345 | U18: =VLOOKUP(O18,'114分行業績'!A:AU,47,0) -> 63066831 | V18: =VLOOKUP(O18,'114分行業績'!A:AV,48,0) -> 87800000 | W18: =IF(ISERROR(U18/V18), 0, U18/V18) -> 0.71830104 | X18: =ROUND(MIN(U18,V18), 0) -> 63066831 | Y18: =IF(ISERROR(ROUND(X18*(T18/U18), 0)), 0, ROUND(X18*(T18/U18), 0)) -> 43181345 | Z18: =X18-Y18 -> 19885486
A19: 112 | B19: 1120 | C19: 南京東路分行 | D19: 北一區 | E19: =VLOOKUP(A19,'113分行業績'!A:L,12,0) -> 7447026 | F19: =G19-E19 -> 27692044 | G19: =VLOOKUP(A19,'113分行業績'!A:AU,47,0) -> 35139070 | H19: =VLOOKUP(A19,'113分行業績'!A:AV,48,0) -> 49390000 | I19: =IF(ISERROR(G19/H19), 0, G19/H19) -> 0.71146123 | J19: =ROUND(MIN(G19,H19), 0) -> 35139070 | K19: =IF(ISERROR(ROUND(J19*(F19/G19), 0)), 0, ROUND(J19*(F19/G19), 0)) -> 27692044 | L19: =J19-K19 -> 7447026 | O19: 112 | P19: 1120 | Q19: 南京東路分行 | R19: 北一區 | S19: =VLOOKUP(O19,'114分行業績'!A:L,12,0) -> 18216884 | T19: =U19-S19 -> 24919008 | U19: =VLOOKUP(O19,'114分行業績'!A:AU,47,0) -> 43135892 | V19: =VLOOKUP(O19,'114分行業績'!A:AV,48,0) -> 57240000 | W19: =IF(ISERROR(U19/V19), 0, U19/V19) -> 0.753597 | X19: =ROUND(MIN(U19,V19), 0) -> 43135892 | Y19: =IF(ISERROR(ROUND(X19*(T19/U19), 0)), 0, ROUND(X19*(T19/U19), 0)) -> 24919008 | Z19: =X19-Y19 -> 18216884
... A193: 888 | B193: 8880 | C193: 營運總部分行 | D193: 北一區 | E193: =VLOOKUP(A193,'113分行業績'!A:L,12,0) -> 2148670 | F193: =G193-E193 -> 5811547.6 | G193: =VLOOKUP(A193,'113分行業績'!A:AU,47,0) -> 7960217.6 | H193: =VLOOKUP(A193,'113分行業績'!A:AV,48,0) -> 10870000 | I193: =IF(ISERROR(G193/H193), 0, G193/H193) -> 0.73231073 | J193: =ROUND(MIN(G193,H193), 0) -> 7960218 | K193: =IF(ISERROR(ROUND(J193*(F193/G193), 0)), 0, ROUND(J193*(F193/G193), 0)) -> 5811548 | L193: =J193-K193 -> 2148670 | O193: 888 | P193: 8880 | Q193: 營運總部分行 | R193: 北一區 | S193: =VLOOKUP(O193,'114分行業績'!A:L,12,0) -> 5048465 | T193: =U193-S193 -> 6168871.6 | U193: =VLOOKUP(O193,'114分行業績'!A:AU,47,0) -> 11217337 | V193: =VLOOKUP(O193,'114分行業績'!A:AV,48,0) -> 14290000 | W193: =IF(ISERROR(U193/V193), 0, U193/V193) -> 0.78497807 | X193: =ROUND(MIN(U193,V193), 0) -> 11217337 | Y193: =IF(ISERROR(ROUND(X193*(T193/U193), 0)), 0, ROUND(X193*(T193/U193), 0)) -> 6168872 | Z193: =X193-Y193 -> 5048465
A194: 合計 | B194: 合計 | O194: 合計 | P194: 合計 | S194: =SUM(S8:S193) -> 6.0279011e+09 | T194: =SUM(T8:T193) -> 3.5250491e+09 | U194: =SUM(U8:U193) -> 9.5529502e+09 | V194: =SUM(V8:V193) -> 9969620000 | W194: =U194/V194 -> 0.95820605 | X194: =SUM(X8:X193) -> 8908451025 | Y194: =SUM(Y8:Y193) -> 3324804526 | Z194: =SUM(Z8:Z193) -> 5583646499
A195: 達成目 | B195: 達成目標家數 | O195: 達成目 | P195: 達成目標家數
D196: 北一區 | E196: =SUMIF($D$8:$D$193,$D196,$E$8:$E$193) -> 617808673 | F196: =SUMIF($D$8:$D$193,$D196,$F$8:$F$193) -> 1.0747901e+09 | G196: =SUMIF($D$8:$D$193,$D196,$G$8:$G$193) -> 1.6925988e+09 | H196: =SUMIF($D$8:$D$193,$D196,$H$8:$H$193) -> 1584450000 | I196: =G196/H196 -> 1.0682564 | J196: =SUMIF($D$8:$D$193,$D196,$J$8:$J$193) -> 1476929609 | K196: =SUMIF($D$8:$D$193,$D196,$K$8:$K$193) -> 944084224 | L196: =SUMIF($D$8:$D$193,$D196,$L$8:$L$193) -> 532845385 | R196: 北一區 | S196: =SUMIF($R$8:$R$193,$R196,$S$8:$S$193) -> 1175346676 | T196: =SUMIF($R$8:$R$193,$R196,$T$8:$T$193) -> 1.0901502e+09 | U196: =SUMIF($R$8:$R$193,$R196,$U$8:$U$193) -> 2.2654968e+09 | V196: =SUMIF($R$8:$R$193,$R196,$V$8:$V$193) -> 2525070000 | W196: =U196/V196 -> 0.8972016 | X196: =SUMIF($R$8:$R$193,$R196,$X$8:$X$193) -> 2164296989 | Y196: =SUMIF($R$8:$R$193,$R196,$Y$8:$Y$193) -> 1054985641 | Z196: =SUMIF($R$8:$R$193,$R196,$Z$8:$Z$193) -> 1109311348
D197: 北二區 | E197: =SUMIF($D$8:$D$193,$D197,$E$8:$E$193) -> 692307746 | F197: =SUMIF($D$8:$D$193,$D197,$F$8:$F$193) -> 7.1596675e+08 | G197: =SUMIF($D$8:$D$193,$D197,$G$8:$G$193) -> 1.4082745e+09 | H197: =SUMIF($D$8:$D$193,$D197,$H$8:$H$193) -> 1215470000 | I197: =G197/H197 -> 1.1586255 | J197: =SUMIF($D$8:$D$193,$D197,$J$8:$J$193) -> 1169453194 | K197: =SUMIF($D$8:$D$193,$D197,$K$8:$K$193) -> 592781215 | L197: =SUMIF($D$8:$D$193,$D197,$L$8:$L$193) -> 576671979 | R197: 北二區 | S197: =SUMIF($R$8:$R$193,$R197,$S$8:$S$193) -> 1231149494 | T197: =SUMIF($R$8:$R$193,$R197,$T$8:$T$193) -> 6.9554807e+08 | U197: =SUMIF($R$8:$R$193,$R197,$U$8:$U$193) -> 1.9266976e+09 | V197: =SUMIF($R$8:$R$193,$R197,$V$8:$V$193) -> 2042820000 | W197: =U197/V197 -> 0.94315582 | X197: =SUMIF($R$8:$R$193,$R197,$X$8:$X$193) -> 1798191613 | Y197: =SUMIF($R$8:$R$193,$R197,$Y$8:$Y$193) -> 646482635 | Z197: =SUMIF($R$8:$R$193,$R197,$Z$8:$Z$193) -> 1151708978
D198: 北三區 | E198: =SUMIF($D$8:$D$193,$D198,$E$8:$E$193) -> 533235573 | F198: =SUMIF($D$8:$D$193,$D198,$F$8:$F$193) -> 5.5070581e+08 | G198: =SUMIF($D$8:$D$193,$D198,$G$8:$G$193) -> 1.0839414e+09 | H198: =SUMIF($D$8:$D$193,$D198,$H$8:$H$193) -> 970203158 | I198: =G198/H198 -> 1.1172314 | J198: =SUMIF($D$8:$D$193,$D198,$J$8:$J$193) -> 928640684 | K198: =SUMIF($D$8:$D$193,$D198,$K$8:$K$193) -> 476508868 | L198: =SUMIF($D$8:$D$193,$D198,$L$8:$L$193) -> 452131816 | R198: 北三區 | S198: =SUMIF($R$8:$R$193,$R198,$S$8:$S$193) -> 965081196 | T198: =SUMIF($R$8:$R$193,$R198,$T$8:$T$193) -> 5.4269606e+08 | U198: =SUMIF($R$8:$R$193,$R198,$U$8:$U$193) -> 1.5077773e+09 | V198: =SUMIF($R$8:$R$193,$R198,$V$8:$V$193) -> 1618280000 | W198: =U198/V198 -> 0.93171593 | X198: =SUMIF($R$8:$R$193,$R198,$X$8:$X$193) -> 1435932306 | Y198: =SUMIF($R$8:$R$193,$R198,$Y$8:$Y$193) -> 517921579 | Z198: =SUMIF($R$8:$R$193,$R198,$Z$8:$Z$193) -> 918010727
D199: 中區 | E199: =SUMIF($D$8:$D$193,$D199,$E$8:$E$193) -> 745775540 | F199: =SUMIF($D$8:$D$193,$D199,$F$8:$F$193) -> 6.2857516e+08 | G199: =SUMIF($D$8:$D$193,$D199,$G$8:$G$193) -> 1.3743507e+09 | H199: =SUMIF($D$8:$D$193,$D199,$H$8:$H$193) -> 1096590000 | I199: =G199/H199 -> 1.2532949 | J199: =SUMIF($D$8:$D$193,$D199,$J$8:$J$193) -> 1090344959 | K199: =SUMIF($D$8:$D$193,$D199,$K$8:$K$193) -> 496796022 | L199: =SUMIF($D$8:$D$193,$D199,$L$8:$L$193) -> 593548937 | R199: 中區 | S199: =SUMIF($R$8:$R$193,$R199,$S$8:$S$193) -> 1.2588932e+09 | T199: =SUMIF($R$8:$R$193,$R199,$T$8:$T$193) -> 6.1825571e+08 | U199: =SUMIF($R$8:$R$193,$R199,$U$8:$U$193) -> 1.8771489e+09 | V199: =SUMIF($R$8:$R$193,$R199,$V$8:$V$193) -> 1858140000 | W199: =U199/V199 -> 1.0102301 | X199: =SUMIF($R$8:$R$193,$R199,$X$8:$X$193) -> 1739659707 | Y199: =SUMIF($R$8:$R$193,$R199,$Y$8:$Y$193) -> 575872007 | Z199: =SUMIF($R$8:$R$193,$R199,$Z$8:$Z$193) -> 1163787700
D200: 南區 | E200: =SUMIF($D$8:$D$193,$D200,$E$8:$E$193) -> 835614501 | F200: =SUMIF($D$8:$D$193,$D200,$F$8:$F$193) -> 5.5633511e+08 | G200: =SUMIF($D$8:$D$193,$D200,$G$8:$G$193) -> 1.3919496e+09 | H200: =SUMIF($D$8:$D$193,$D200,$H$8:$H$193) -> 1159910000 | I200: =G200/H200 -> 1.2000497 | J200: =SUMIF($D$8:$D$193,$D200,$J$8:$J$193) -> 1134602144 | K200: =SUMIF($D$8:$D$193,$D200,$K$8:$K$193) -> 463080976 | L200: =SUMIF($D$8:$D$193,$D200,$L$8:$L$193) -> 671521168 | R200: 南區 | S200: =SUMIF($R$8:$R$193,$R200,$S$8:$S$193) -> 1397430495 | T200: =SUMIF($R$8:$R$193,$R200,$T$8:$T$193) -> 5.7839908e+08 | U200: =SUMIF($R$8:$R$193,$R200,$U$8:$U$193) -> 1.9758296e+09 | V200: =SUMIF($R$8:$R$193,$R200,$V$8:$V$193) -> 1925310000 | W200: =U200/V200 -> 1.0262397 | X200: =SUMIF($R$8:$R$193,$R200,$X$8:$X$193) -> 1770370410 | Y200: =SUMIF($R$8:$R$193,$R200,$Y$8:$Y$193) -> 529542664 | Z200: =SUMIF($R$8:$R$193,$R200,$Z$8:$Z$193) -> 1240827746
E201: =SUM(E196:E200) -> 3424742033 | F201: =SUM(F196:F200) -> 3.526373e+09 | G201: =SUM(G196:G200) -> 6.951115e+09 | H201: =SUM(H196:H200) -> 6026623158 | J201: =SUM(J196:J200) -> 5799970590 | K201: =SUM(K196:K200) -> 2973251305 | L201: =SUM(L196:L200) -> 2826719285 | S201: =SUM(S196:S200) -> 6.0279011e+09 | T201: =SUM(T196:T200) -> 3.5250491e+09 | U201: =SUM(U196:U200) -> 9.5529502e+09 | V201: =SUM(V196:V200) -> 9969620000 | X201: =SUM(X196:X200) -> 8908451025 | Y201: =SUM(Y196:Y200) -> 3324804526 | Z201: =SUM(Z196:Z200) -> 5583646499

Sheet 113分行業績
A1: 單位代號 | B1: 分行 | C1: 組別 | D1: 通路別 | E1: 1.國內外基金手續費收入-實績 (A1) | F1: 1.國內外基金手續費收入-目標 (A2) | G1: 1.國內外基金手續費收入-達成率% (A3) = (A1) / (A2) | H1: 1.國內外基金手續費收入-區排名 (A4) | I1: 1.國內外基金手續費收入-全行排名 (A5) | J1: 1.國內外基金手續費收入-協銷比例% (A6) = 協銷金額 / (A1) | K1: 1.國內外基金手續費收入-協銷達成率% (A7) = 協銷金額 / (A2) | L1: 2.保險佣金收益-實績 (B1) | M1: 2.保險佣金收益-目標 (B2) | N1: 2.保險佣金收益-達成率% (B3) = (B1) / (B2) | O1: 2.保險佣金收益-區排名 (B4) | P1: 2.保險佣金收益-全行排名 (B5) | Q1: 2.保險佣金收益-協銷比例% (B6) = 協銷金額 / (B1) | R1: 2.保險佣金收益-協銷達成率% (B7) = 協銷金額 / (B2) | S1: 3.外國債券(含SN、境內結構債)手續費收入-實績 (C1) | T1: 3.外國債券(含SN、境內結構債)手續費收入-目標 (C2) | U1: 3.外國債券(含SN、境內結構債)手續費收入-達成率% (C3) = (C1) / (C2) | V1: 3.外國債券(含SN、境內結構債)手續費收入-區排名 (C4) | W1: 3.外國債券(含SN、境內結構債)手續費收入-全行排名 (C5) | X1: 3.外國債券(含SN、境內結構債)手續費收入-協銷比例% (C6) = 協銷金額 / (C1) | Y1: 3.外國債券(含SN、境內結構債)手續費收入-協銷達成率% (C7) = 協銷金額 / (C2) | Z1: 4.財產信託手續費收入-實績 (D1) | AA1: 4.財產信託手續費收入-目標 (D2) | AB1: 4.財產信託手續費收入-達成率% (D3) = (D1) / (D2) | AC1: 4.財產信託手續費收入-區排名 (D4) | AD1: 4.財產信託手續費收入-全行排名 (D5) | AE1: 4.財產信託手續費收入-協銷比例% (D6) = 協銷金額 / (D1) | AF1: 4.財產信託手續費收入-協銷達成率% (D7) = 協銷金額 / (D2) | AG1: 5.保管及簽證手續費收入-實績 (E1) | AH1: 5.保管及簽證手續費收入-目標 (E2) | AI1: 5.保管及簽證手續費收入-達成率% (E3) = (E1) / (E2) | AJ1: 5.保管及簽證手續費收入-區排名 (E4) | AK1: 5.保管及簽證手續費收入-全行排名 (E5) | AL1: 5.保管及簽證手續費收入-協銷比例% (E6) = 協銷金額 / (E1) | AM1: 5.保管及簽證手續費收入-協銷達成率% (E7) = 協銷金額 / (E2) | AN1: 6.組合式商品手續費收入-實績 (F1) | AO1: 6.組合式商品手續費收入-目標 (F2) | AP1: 6.組合式商品手續費收入-達成率% (F3) = (F1) / (F2) | AQ1: 6.組合式商品手續費收入-區排名 (F4) | AR1: 6.組合式商品手續費收入-全行排名 (F5) | AS1: 6.組合式商品手續費收入-協銷比例% (F6) = 協銷金額 / (F1) | AT1: 6.組合式商品手續費收入-協銷達成率% (F7) = 協銷金額 / (F2) | AU1: 7.財富管理手續費收入-實績 (G1) | AV1: 7.財富管理手續費收入-目標 (G2) | AW1: 7.財富管理手續費收入-達成率% (G3) = (G1) / (G2) | AX1: 7.財富管理手續費收入-區排名 (G4) | AY1: 7.財富管理手續費收入-全行排名 (G5) | AZ1: 7.財富管理手續費收入-協銷比例% (G6) = 協銷金額 / (G1) | BA1: 7.財富管理手續費收入-協銷達成率% (G7) = 協銷金額 / (G2) | BB1: 8.基金通路服務費-實績 (H1) | BC1: 8.基金通路服務費-目標 (H2) | BD1: 8.基金通路服務費-達成率% (H3) = (H1) / (H2) | BE1: 8.基金通路服務費-區排名 (H4) | BF1: 8.基金通路服務費-全行排名 (H5) | BG1: 8.基金通路服務費-協銷比例% (H6) = 協銷金額 / (H1) | BH1: 8.基金通路服務費-協銷達成率% (H7) = 協銷金額 / (H2)
A2: 100 | B2: 營業部 | C2: 第１組 | D2: 北一區 | E2: 22979471 | F2: 17370000 | G2: 132.29 | H2: [27/46] | I2: [81/187] | J2: 25.3 | K2: 33.47 | L2: 15914908 | M2: 30120000 | N2: 52.84 | O2: [28/46] | P2: [164/187] | Q2: 26.62 | R2: 14.07 | S2: 2230814 | T2: 4357000 | U2: 51.2 | V2: [31/46] | W2: [138/187] | X2: 22.3 | Y2: 11.42 | Z2: 9098850 | AA2: 1913000 | AB2: 475.63 | AC2: [8/46] | AD2: [14/187] | AE2: 0.07 | AF2: 0.33 | AG2: 500397 | AH2: 0 | AI2: - | AJ2: [1/46] | AK2: [1/187] | AL2: 1.42 | AM2: - | AN2: 1071235.8 | AO2: 960000 | AP2: 111.59 | AQ2: [22/46] | AR2: [78/187] | AS2: 2.36 | AT2: 2.63 | AU2: 51795676 | AV2: 54720000 | AW2: 94.66 | AX2: [27/46] | AY2: [142/187] | AZ2: 20.44 | BA2: 19.35 | BB2: 8061160.1 | BC2: 0 | BD2: - | BE2: [1/46] | BF2: [1/187] | BG2: 7.31 | BH2: -
A3: 101 | B3: 儲蓄分行 | C3: 第２組 | D3: 北一區 | E3: 6970586.5 | F3: 7470000 | G3: 93.31 | H3: [43/46] | I3: [149/187] | J3: 22 | K3: 20.53 | L3: 4620909 | M3: 12960000 | N3: 35.66 | O3: [39/46] | P3: [179/187] | Q3: 65.88 | R3: 23.49 | S3: 718627 | T3: 1566000 | U3: 45.89 | V3: [33/46] | W3: [142/187] | X3: 0.26 | Y3: 0.12 | Z3: 240938 | AA3: 1144000 | AB3: 21.06 | AC3: [36/46] | AD3: [119/187] | AE3: 73.25 | AF3: 15.43 | AG3: 47086 | AH3: 0 | AI3: - | AJ3: [1/46] | AK3: [1/187] | AL3: 4.12 | AM3: - | AN3: 546612.78 | AO3: 410000 | AP3: 133.32 | AQ3: [19/46] | AR3: [71/187] | AS3: 32.43 | AT3: 43.23 | AU3: 13144759 | AV3: 23550000 | AW3: 55.82 | AX3: [45/46] | AY3: [185/187] | AZ3: 37.55 | BA3: 20.96 | BB3: 2591373.5 | BC3: 0 | BD3: - | BE3: [1/46] | BF3: [1/187] | BG3: 10.76 | BH3: -
A4: 103 | B4: 城內分行 | C4: 第２組 | D4: 北一區 | E4: 10951489 | F4: 8220000 | G4: 133.23 | H4: [26/46] | I4: [79/187] | J4: 11.68 | K4: 15.56 | L4: 11366871 | M4: 14260000 | N4: 79.71 | O4: [15/46] | P4: [129/187] | Q4: 30.54 | R4: 24.35 | S4: 621694 | T4: 1589000 | U4: 39.12 | V4: [38/46] | W4: [156/187] | X4: 1.86 | Y4: 0.73 | Z4: 3019849 | AA4: 1381000 | AB4: 218.67 | AC4: [16/46] | AD4: [33/187] | AE4: 0 | AF4: 0 | AG4: 172017 | AH4: 0 | AI4: - | AJ4: [1/46] | AK4: [1/187] | AL4: 0.14 | AM4: - | AN4: 474765.41 | AO4: 460000 | AP4: 103.21 | AQ4: [25/46] | AR4: [85/187] | AS4: 62.57 | AT4: 64.58 | AU4: 26606685 | AV4: 25910000 | AW4: 102.69 | AX4: [24/46] | AY4: [120/187] | AZ4: 19.02 | BA4: 19.53 | BB4: 3174282.8 | BC4: 0 | BD4: - | BE4: [1/46] | BF4: [1/187] | BG4: 3.49 | BH4: -
A5: 104 | B5: 大稻埕分行 | C5: 第３組 | D5: 北一區 | E5: 25314573 | F5: 12100000 | G5: 209.21 | H5: [6/46] | I5: [8/187] | J5: 12.09 | K5: 25.3 | L5: 19923815 | M5: 20980000 | N5: 94.97 | O5: [11/46] | P5: [111/187] | Q5: 52.98 | R5: 50.31 | S5: 3041856.5 | T5: 3201000 | U5: 95.03 | V5: [17/46] | W5: [73/187] | X5: 21.63 | Y5: 20.55 | Z5: 467318 | AA5: 1169000 | AB5: 39.98 | AC5: [28/46] | AD5: [92/187] | AE5: 0 | AF5: 0 | AG5: 104799 | AH5: 0 | AI5: - | AJ5: [1/46] | AK5: [1/187] | AL5: 2.12 | AM5: - | AN5: 1439090.9 | AO5: 670000 | AP5: 214.79 | AQ5: [11/46] | AR5: [42/187] | AS5: 77.69 | AT5: 166.87 | AU5: 50291453 | AV5: 38120000 | AW5: 131.93 | AX5: [6/46] | AY5: [35/187] | AZ5: 30.61 | BA5: 40.39 | BB5: 5479368.4 | BC5: 0 | BD5: - | BE5: [1/46] | BF5: [1/187] | BG5: 9.34 | BH5: -
A6: 105 | B6: 建成分行 | C6: 第１組 | D6: 北一區 | E6: 10829182 | F6: 9610000 | G6: 112.69 | H6: [35/46] | I6: [114/187] | J6: 16.02 | K6: 18.05 | L6: 6570842 | M6: 16660000 | N6: 39.44 | O6: [37/46] | P6: [176/187] | Q6: 34.67 | R6: 13.67 | S6: 1139443.5 | T6: 1557000 | U6: 73.18 | V6: [22/46] | W6: [97/187] | X6: 1.71 | Y6: 1.25 | Z6: 13504770 | AA6: 1913000 | AB6: 705.95 | AC6: [3/46] | AD6: [9/187] | AE6: 0.03 | AF6: 0.23 | AG6: 172306 | AH6: 0 | AI6: - | AJ6: [1/46] | AK6: [1/187] | AL6: 5.72 | AM6: - | AN6: 554001.57 | AO6: 530000 | AP6: 104.53 | AQ6: [24/46] | AR6: [84/187] | AS6: 38.53 | AT6: 40.28 | AU6: 32770545 | AV6: 30270000 | AW6: 108.26 | AX6: [21/46] | AY6: [103/187] | AZ6: 13 | BA6: 14.07 | BB6: 3439559.7 | BC6: 0 | BD6: - | BE6: [1/46] | BF6: [1/187] | BG6: 15.12 | BH6: -
