Workbook

Sheet 分行明細
A1: 分行明細（資料來源：原檔「116目標底稿ver1」A、B、C、D、E、F、H、J 欄；114年目標／實績取自「財管手收比較表_值」P、Q 欄）
A2: 藍字＝由原檔複製之輸入值；黑字＝公式。114TYPE／115TYPE 為原檔之分群（COMPARE114 樞紐表來源）。
A4: 序號 | B4: 通路別 | C4: 單位代號 | D4: 單位名稱 | E4: 114TYPE (114年達成率級距) | F4: 115TYPE (115年達成率級距) | G4: 114年目標 | H4: 114年年化實績 | I4: 114年達成率 | J4: 115年目標 | K4: 115年年化實績 | L4: 115年達成率 | M4: 115年目標較 114年實績成長率 | N4: 115年超額/缺口 (實績−目標) | O4: 115年超額 (≥0) | P4: 115年缺口 (<0) | Q4: 115年達成率 (四捨五入2位)
A5: 1 | B5: 北一區 | C5: 100 | D5: 營業部 | E5: TYPE_4 | F5: TYPE_3 | G5: 78160000 | H5: 96927210 | I5: =IFERROR(H5/G5,0) -> 1.2401127 | J5: 103860000 | K5: 151815331 | L5: =IFERROR(K5/J5,0) -> 1.4617305 | M5: =IFERROR(J5/H5-1,0) -> 0.071525736 | N5: =K5-J5 -> 47955331 | O5: =MAX(N5,0) -> 47955331 | P5: =MIN(N5,0) -> 0 | Q5: =ROUND(L5,2) -> 1.46
A6: 2 | B6: 北一區 | C6: 101 | D6: 儲蓄分行 | E6: TYPE_9 | F6: TYPE_6 | G6: 29230000 | H6: 19689586 | I6: =IFERROR(H6/G6,0) -> 0.67360883 | J6: 36030000 | K6: 24773020 | L6: =IFERROR(K6/J6,0) -> 0.68756647 | M6: =IFERROR(J6/H6-1,0) -> 0.82990135 | N6: =K6-J6 -> -11256980 | O6: =MAX(N6,0) -> 0 | P6: =MIN(N6,0) -> -11256980 | Q6: =ROUND(L6,2) -> 0.69
A7: 3 | B7: 北一區 | C7: 103 | D7: 城內分行 | E7: TYPE_7 | F7: TYPE_5 | G7: 39690000 | H7: 35669507 | I7: =IFERROR(H7/G7,0) -> 0.89870262 | J7: 44220000 | K7: 43030534 | L7: =IFERROR(K7/J7,0) -> 0.97310118 | M7: =IFERROR(J7/H7-1,0) -> 0.23971436 | N7: =K7-J7 -> -1189466 | O7: =MAX(N7,0) -> 0 | P7: =MIN(N7,0) -> -1189466 | Q7: =ROUND(L7,2) -> 0.97
A8: 4 | B8: 北一區 | C8: 104 | D8: 大稻埕分行 | E8: TYPE_8 | F8: TYPE_3 | G8: 64940000 | H8: 54762070 | I8: =IFERROR(H8/G8,0) -> 0.84327179 | J8: 75640000 | K8: 100530724 | L8: =IFERROR(K8/J8,0) -> 1.3290683 | M8: =IFERROR(J8/H8-1,0) -> 0.38124801 | N8: =K8-J8 -> 24890724 | O8: =MAX(N8,0) -> 24890724 | P8: =MIN(N8,0) -> 0 | Q8: =ROUND(L8,2) -> 1.33
A9: 5 | B9: 北一區 | C9: 105 | D9: 建成分行 | E9: TYPE_8 | F9: TYPE_6 | G9: 48860000 | H9: 38310005 | I9: =IFERROR(H9/G9,0) -> 0.78407706 | J9: 57000000 | K9: 29760269 | L9: =IFERROR(K9/J9,0) -> 0.52210998 | M9: =IFERROR(J9/H9-1,0) -> 0.48786198 | N9: =K9-J9 -> -27239731 | O9: =MAX(N9,0) -> 0 | P9: =MIN(N9,0) -> -27239731 | Q9: =ROUND(L9,2) -> 0.52
A10: 6 | B10: 北一區 | C10: 106 | D10: 中山分行 | E10: TYPE_8 | F10: TYPE_5 | G10: 85510000 | H10: 66866945 | I10: =IFERROR(H10/G10,0) -> 0.78197807 | J10: 99340000 | K10: 91410089 | L10: =IFERROR(K10/J10,0) -> 0.92017404 | M10: =IFERROR(J10/H10-1,0) -> 0.48563689 | N10: =K10-J10 -> -7929911 | O10: =MAX(N10,0) -> 0 | P10: =MIN(N10,0) -> -7929911 | Q10: =ROUND(L10,2) -> 0.92
A11: 7 | B11: 北一區 | C11: 107 | D11: 圓山分行 | E11: TYPE_6 | F11: TYPE_3 | G11: 105180000 | H11: 106107606 | I11: =IFERROR(H11/G11,0) -> 1.0088192 | J11: 118090000 | K11: 142594489 | L11: =IFERROR(K11/J11,0) -> 1.2075069 | M11: =IFERROR(J11/H11-1,0) -> 0.11292682 | N11: =K11-J11 -> 24504489 | O11: =MAX(N11,0) -> 24504489 | P11: =MIN(N11,0) -> 0 | Q11: =ROUND(L11,2) -> 1.21
A12: 8 | B12: 北一區 | C12: 108 | D12: 城東分行 | E12: TYPE_9 | F12: TYPE_3 | G12: 115000000 | H12: 80802504 | I12: =IFERROR(H12/G12,0) -> 0.70263047 | J12: 129150000 | K12: 181181359 | L12: =IFERROR(K12/J12,0) -> 1.4028754 | M12: =IFERROR(J12/H12-1,0) -> 0.59834156 | N12: =K12-J12 -> 52031359 | O12: =MAX(N12,0) -> 52031359 | P12: =MIN(N12,0) -> 0 | Q12: =ROUND(L12,2) -> 1.4
A13: 9 | B13: 北一區 | C13: 109 | D13: 西門分行 | E13: TYPE_9 | F13: TYPE_5 | G13: 30930000 | H13: 17150369 | I13: =IFERROR(H13/G13,0) -> 0.55448978 | J13: 37980000 | K13: 29449723 | L13: =IFERROR(K13/J13,0) -> 0.77540082 | M13: =IFERROR(J13/H13-1,0) -> 1.2145296 | N13: =K13-J13 -> -8530277 | O13: =MAX(N13,0) -> 0 | P13: =MIN(N13,0) -> -8530277 | Q13: =ROUND(L13,2) -> 0.78
A14: 10 | B14: 北一區 | C14: 110 | D14: 南松山分行 | E14: TYPE_8 | F14: TYPE_6 | G14: 51170000 | H14: 39462213 | I14: =IFERROR(H14/G14,0) -> 0.77119822 | J14: 59470000 | K14: 44041600 | L14: =IFERROR(K14/J14,0) -> 0.74056835 | M14: =IFERROR(J14/H14-1,0) -> 0.50701128 | N14: =K14-J14 -> -15428400 | O14: =MAX(N14,0) -> 0 | P14: =MIN(N14,0) -> -15428400 | Q14: =ROUND(L14,2) -> 0.74
A15: 11 | B15: 北一區 | C15: 111 | D15: 仁愛路分行 | E15: TYPE_9 | F15: TYPE_2 | G15: 87800000 | H15: 60233303 | I15: =IFERROR(H15/G15,0) -> 0.68602851 | J15: 101770000 | K15: 156079156 | L15: =IFERROR(K15/J15,0) -> 1.533646 | M15: =IFERROR(J15/H15-1,0) -> 0.68959687 | N15: =K15-J15 -> 54309156 | O15: =MAX(N15,0) -> 54309156 | P15: =MIN(N15,0) -> 0 | Q15: =ROUND(L15,2) -> 1.53
A16: 12 | B16: 北一區 | C16: 112 | D16: 南京東路分行 | E16: TYPE_8 | F16: TYPE_4 | G16: 57240000 | H16: 43209787 | I16: =IFERROR(H16/G16,0) -> 0.75488796 | J16: 68030000 | K16: 81157545 | L16: =IFERROR(K16/J16,0) -> 1.192967 | M16: =IFERROR(J16/H16-1,0) -> 0.57441183 | N16: =K16-J16 -> 13127545 | O16: =MAX(N16,0) -> 13127545 | P16: =MIN(N16,0) -> 0 | Q16: =ROUND(L16,2) -> 1.19
... A187: 183 | B187: 北一區 | C187: 888 | D187: 營運總部分行 | E187: TYPE_8 | F187: TYPE_3 | G187: 14290000 | H187: 11645179 | I187: =IFERROR(H187/G187,0) -> 0.81491805 | J187: 17160000 | K187: 23269991 | L187: =IFERROR(K187/J187,0) -> 1.3560601 | M187: =IFERROR(J187/H187-1,0) -> 0.47357117 | N187: =K187-J187 -> 6109991 | O187: =MAX(N187,0) -> 6109991 | P187: =MIN(N187,0) -> 0 | Q187: =ROUND(L187,2) -> 1.36
D188: 合計 | G188: =SUM(G5:G187) -> 9875540000 | H188: =SUM(H5:H187) -> 9629592161 | I188: =H188/G188 -> 0.97509525 | J188: =SUM(J5:J187) -> 11785380000 | K188: =SUM(K5:K187) -> 12485599369 | L188: =K188/J188 -> 1.0594142 | M188: =J188/H188-1 -> 0.22387115 | N188: =SUM(N5:N187) -> 700219369 | O188: =SUM(O5:O187) -> 1523166642 | P188: =SUM(P5:P187) -> -822947273

Sheet 115達成分布
A1: 115年年化達成率分布（簡報第10頁）：依「分行明細」Q欄（四捨五入2位，與原檔分群一致）以 COUNTIFS 分組
A3: 達成率區間 | B3: 下限(含) | C3: 上限(不含) | D3: 分行家數 | E3: 占比 | F3: 累計家數 | G3: 累計占比
A4: 未達60% | B4: 0 | C4: 0.6 | D4: =COUNTIFS(分行明細!$Q$5:$Q$187,">="&B4,分行明細!$Q$5:$Q$187,"<"&C4) -> 2 | E4: =D4/$D$16 -> 0.010928962 | F4: =SUM($D$4:D4) -> 2 | G4: =F4/$D$16 -> 0.010928962
A5: 60～70% | B5: 0.6 | C5: 0.7 | D5: =COUNTIFS(分行明細!$Q$5:$Q$187,">="&B5,分行明細!$Q$5:$Q$187,"<"&C5) -> 7 | E5: =D5/$D$16 -> 0.038251366 | F5: =SUM($D$4:D5) -> 9 | G5: =F5/$D$16 -> 0.049180328
A6: 70～75% | B6: 0.7 | C6: 0.75 | D6: =COUNTIFS(分行明細!$Q$5:$Q$187,">="&B6,分行明細!$Q$5:$Q$187,"<"&C6) -> 10 | E6: =D6/$D$16 -> 0.054644809 | F6: =SUM($D$4:D6) -> 19 | G6: =F6/$D$16 -> 0.10382514
A7: 75～80% | B7: 0.75 | C7: 0.8 | D7: =COUNTIFS(分行明細!$Q$5:$Q$187,">="&B7,分行明細!$Q$5:$Q$187,"<"&C7) -> 12 | E7: =D7/$D$16 -> 0.06557377 | F7: =SUM($D$4:D7) -> 31 | G7: =F7/$D$16 -> 0.16939891
A8: 80～90% | B8: 0.8 | C8: 0.9 | D8: =COUNTIFS(分行明細!$Q$5:$Q$187,">="&B8,分行明細!$Q$5:$Q$187,"<"&C8) -> 24 | E8: =D8/$D$16 -> 0.13114754 | F8: =SUM($D$4:D8) -> 55 | G8: =F8/$D$16 -> 0.30054645
A9: 90～100% | B9: 0.9 | C9: 1 | D9: =COUNTIFS(分行明細!$Q$5:$Q$187,">="&B9,分行明細!$Q$5:$Q$187,"<"&C9) -> 29 | E9: =D9/$D$16 -> 0.15846995 | F9: =SUM($D$4:D9) -> 84 | G9: =F9/$D$16 -> 0.45901639
A10: 100～110% | B10: 1 | C10: 1.1 | D10: =COUNTIFS(分行明細!$Q$5:$Q$187,">="&B10,分行明細!$Q$5:$Q$187,"<"&C10) -> 25 | E10: =D10/$D$16 -> 0.13661202 | F10: =SUM($D$4:D10) -> 109 | G10: =F10/$D$16 -> 0.59562842
A11: 110～120% | B11: 1.1 | C11: 1.2 | D11: =COUNTIFS(分行明細!$Q$5:$Q$187,">="&B11,分行明細!$Q$5:$Q$187,"<"&C11) -> 27 | E11: =D11/$D$16 -> 0.14754098 | F11: =SUM($D$4:D11) -> 136 | G11: =F11/$D$16 -> 0.7431694
A12: 120～130% | B12: 1.2 | C12: 1.3 | D12: =COUNTIFS(分行明細!$Q$5:$Q$187,">="&B12,分行明細!$Q$5:$Q$187,"<"&C12) -> 17 | E12: =D12/$D$16 -> 0.092896175 | F12: =SUM($D$4:D12) -> 153 | G12: =F12/$D$16 -> 0.83606557
A13: 130～150% | B13: 1.3 | C13: 1.5 | D13: =COUNTIFS(分行明細!$Q$5:$Q$187,">="&B13,分行明細!$Q$5:$Q$187,"<"&C13) -> 23 | E13: =D13/$D$16 -> 0.12568306 | F13: =SUM($D$4:D13) -> 176 | G13: =F13/$D$16 -> 0.96174863
A14: 150～180% | B14: 1.5 | C14: 1.8 | D14: =COUNTIFS(分行明細!$Q$5:$Q$187,">="&B14,分行明細!$Q$5:$Q$187,"<"&C14) -> 4 | E14: =D14/$D$16 -> 0.021857923 | F14: =SUM($D$4:D14) -> 180 | G14: =F14/$D$16 -> 0.98360656
A15: 180%以上 | B15: 1.8 | C15: 99 | D15: =COUNTIFS(分行明細!$Q$5:$Q$187,">="&B15,分行明細!$Q$5:$Q$187,"<"&C15) -> 3 | E15: =D15/$D$16 -> 0.016393443 | F15: =SUM($D$4:D15) -> 183 | G15: =F15/$D$16 -> 1
A16: 合計 | D16: =SUM(D4:D15) -> 183 | E16: =SUM(E4:E15) -> 1
A18: 統計值
A19: 達標分行數（≥100%） | B19: =COUNTIFS(分行明細!$Q$5:$Q$187,">=1") -> 99
A20: 未達標分行數（<100%） | B20: =COUNTIFS(分行明細!$Q$5:$Q$187,"<1") -> 84
A21: 未達75%分行數 | B21: =COUNTIFS(分行明細!$Q$5:$Q$187,"<0.75") -> 19
A22: 達成率中位數 | B22: =MEDIAN(分行明細!$L$5:$L$187) -> 1.0141297
A23: 達成率簡單平均 | B23: =AVERAGE(分行明細!$L$5:$L$187) -> 1.0464114
A24: 達成率加權平均（全行實績÷目標） | B24: =分行明細!K188/分行明細!J188 -> 1.0594142
A25: 最低達成率 | B25: =MIN(分行明細!$L$5:$L$187) -> 0.52210998
A26: 最高達成率 | B26: =MAX(分行明細!$L$5:$L$187) -> 2.1448044
A28: 115TYPE | B28: 115年達成率級距 | C28: 分行家數 | D28: 占比 | E28: 115年目標 | F28: 115年年化實績 | G28: 達成率 | H28: 超額/缺口
A29: TYPE_1 | B29: 180%以上 | C29: =COUNTIFS(分行明細!$F$5:$F$187,A29) -> 3 | D29: =C29/$C$35 -> 0.016393443 | E29: =SUMIFS(分行明細!$J$5:$J$187,分行明細!$F$5:$F$187,A29) -> 158210000 | F29: =SUMIFS(分行明細!$K$5:$K$187,分行明細!$F$5:$F$187,A29) -> 316295495 | G29: =IFERROR(F29/E29,0) -> 1.999213 | H29: =F29-E29 -> 158085495
A30: TYPE_2 | B30: 150%以上，未達180% | C30: =COUNTIFS(分行明細!$F$5:$F$187,A30) -> 4 | D30: =C30/$C$35 -> 0.021857923 | E30: =SUMIFS(分行明細!$J$5:$J$187,分行明細!$F$5:$F$187,A30) -> 380440000 | F30: =SUMIFS(分行明細!$K$5:$K$187,分行明細!$F$5:$F$187,A30) -> 600480024 | G30: =IFERROR(F30/E30,0) -> 1.578383 | H30: =F30-E30 -> 220040024
A31: TYPE_3 | B31: 120%以上，未達150% | C31: =COUNTIFS(分行明細!$F$5:$F$187,A31) -> 40 | D31: =C31/$C$35 -> 0.21857923 | E31: =SUMIFS(分行明細!$J$5:$J$187,分行明細!$F$5:$F$187,A31) -> 2651530000 | F31: =SUMIFS(分行明細!$K$5:$K$187,分行明細!$F$5:$F$187,A31) -> 3438229593 | G31: =IFERROR(F31/E31,0) -> 1.2966965 | H31: =F31-E31 -> 786699593
A32: TYPE_4 | B32: 100%以上，未達120% | C32: =COUNTIFS(分行明細!$F$5:$F$187,A32) -> 52 | D32: =C32/$C$35 -> 0.28415301 | E32: =SUMIFS(分行明細!$J$5:$J$187,分行明細!$F$5:$F$187,A32) -> 3589010000 | F32: =SUMIFS(分行明細!$K$5:$K$187,分行明細!$F$5:$F$187,A32) -> 3947351530 | G32: =IFERROR(F32/E32,0) -> 1.0998441 | H32: =F32-E32 -> 358341530
A33: TYPE_5 | B33: 75%以上，未達100% | C33: =COUNTIFS(分行明細!$F$5:$F$187,A33) -> 65 | D33: =C33/$C$35 -> 0.35519126 | E33: =SUMIFS(分行明細!$J$5:$J$187,分行明細!$F$5:$F$187,A33) -> 3908460000 | F33: =SUMIFS(分行明細!$K$5:$K$187,分行明細!$F$5:$F$187,A33) -> 3432135424 | G33: =IFERROR(F33/E33,0) -> 0.87812986 | H33: =F33-E33 -> -476324576
A34: TYPE_6 | B34: 未達75% | C34: =COUNTIFS(分行明細!$F$5:$F$187,A34) -> 19 | D34: =C34/$C$35 -> 0.10382514 | E34: =SUMIFS(分行明細!$J$5:$J$187,分行明細!$F$5:$F$187,A34) -> 1097730000 | F34: =SUMIFS(分行明細!$K$5:$K$187,分行明細!$F$5:$F$187,A34) -> 751107303 | G34: =IFERROR(F34/E34,0) -> 0.68423684 | H34: =F34-E34 -> -346622697
A35: 合計 | C35: =SUM(C29:C34) -> 183 | D35: =SUM(D29:D34) -> 1 | E35: =SUM(E29:E34) -> 11785380000 | F35: =SUM(F29:F34) -> 12485599369 | G35: =F35/E35 -> 1.0594142 | H35: =SUM(H29:H34) -> 700219369

Sheet 級距彙總
A1: 依114年達成率級距（114TYPE）彙總 115 年目標與實績（簡報第9、12、13頁數據）
A2: 全部為公式（COUNTIFS／SUMIFS 引用「分行明細」）。
A4: 114TYPE | B4: 114年達成率級距 | C4: 115年成長目標規則 | D4: 分行家數 | E4: 114年年化實績 | F4: 115年目標 | G4: 115年年化實績 | H4: 115年達成率 (群合計) | I4: 115年目標較 114年實績成長率 | J4: 115年超額/缺口 (實績−目標) | K4: 超額合計 (超額分行) | L4: 缺口合計 (未達成分行) | M4: 超額分行家數 | N4: 未達成分行家數 | O4: 115年未達100% 家數 (TYPE_5+6) | P4: 115年未達75% 家數 (TYPE_6) | Q4: 未達75%比例
A5: TYPE_1 | B5: 200%以上 | C5: 預估實績×70% | D5: =COUNTIFS(分行明細!$E$5:$E$187,A5) -> 3 | E5: =SUMIFS(分行明細!$H$5:$H$187,分行明細!$E$5:$E$187,A5) -> 140411824 | F5: =SUMIFS(分行明細!$J$5:$J$187,分行明細!$E$5:$E$187,A5) -> 105120000 | G5: =SUMIFS(分行明細!$K$5:$K$187,分行明細!$E$5:$E$187,A5) -> 198394389 | H5: =IFERROR(G5/F5,0) -> 1.8873134 | I5: =IFERROR(F5/E5-1,0) -> -0.2513451 | J5: =G5-F5 -> 93274389 | K5: =SUMIFS(分行明細!$O$5:$O$187,分行明細!$E$5:$E$187,A5) -> 95405767 | L5: =SUMIFS(分行明細!$P$5:$P$187,分行明細!$E$5:$E$187,A5) -> -2131378 | M5: =COUNTIFS(分行明細!$E$5:$E$187,A5,分行明細!$N$5:$N$187,">=0") -> 2 | N5: =COUNTIFS(分行明細!$E$5:$E$187,A5,分行明細!$N$5:$N$187,"<0") -> 1 | O5: =COUNTIFS(分行明細!$E$5:$E$187,A5,分行明細!$F$5:$F$187,"TYPE_5")+COUNTIFS(分行明細!$E$5:$E$187,A5,分行明細!$F$5:$F$187,"TYPE_6") -> 1 | P5: =COUNTIFS(分行明細!$E$5:$E$187,A5,分行明細!$F$5:$F$187,"TYPE_6") -> 0 | Q5: =IFERROR(P5/D5,0) -> 0
A6: TYPE_2 | B6: 150%以上，未達200% | C6: 預估實績×80% | D6: =COUNTIFS(分行明細!$E$5:$E$187,A6) -> 5 | E6: =SUMIFS(分行明細!$H$5:$H$187,分行明細!$E$5:$E$187,A6) -> 318550006 | F6: =SUMIFS(分行明細!$J$5:$J$187,分行明細!$E$5:$E$187,A6) -> 260640000 | G6: =SUMIFS(分行明細!$K$5:$K$187,分行明細!$E$5:$E$187,A6) -> 334547528 | H6: =IFERROR(G6/F6,0) -> 1.2835617 | I6: =IFERROR(F6/E6-1,0) -> -0.18179251 | J6: =G6-F6 -> 73907528 | K6: =SUMIFS(分行明細!$O$5:$O$187,分行明細!$E$5:$E$187,A6) -> 88003176 | L6: =SUMIFS(分行明細!$P$5:$P$187,分行明細!$E$5:$E$187,A6) -> -14095648 | M6: =COUNTIFS(分行明細!$E$5:$E$187,A6,分行明細!$N$5:$N$187,">=0") -> 3 | N6: =COUNTIFS(分行明細!$E$5:$E$187,A6,分行明細!$N$5:$N$187,"<0") -> 2 | O6: =COUNTIFS(分行明細!$E$5:$E$187,A6,分行明細!$F$5:$F$187,"TYPE_5")+COUNTIFS(分行明細!$E$5:$E$187,A6,分行明細!$F$5:$F$187,"TYPE_6") -> 2 | P6: =COUNTIFS(分行明細!$E$5:$E$187,A6,分行明細!$F$5:$F$187,"TYPE_6") -> 0 | Q6: =IFERROR(P6/D6,0) -> 0
A7: TYPE_3 | B7: 130%以上，未達150% | C7: 預估實績×90% | D7: =COUNTIFS(分行明細!$E$5:$E$187,A7) -> 11 | E7: =SUMIFS(分行明細!$H$5:$H$187,分行明細!$E$5:$E$187,A7) -> 863954080 | F7: =SUMIFS(分行明細!$J$5:$J$187,分行明細!$E$5:$E$187,A7) -> 804480000 | G7: =SUMIFS(分行明細!$K$5:$K$187,分行明細!$E$5:$E$187,A7) -> 996943084 | H7: =IFERROR(G7/F7,0) -> 1.2392391 | I7: =IFERROR(F7/E7-1,0) -> -0.068839399 | J7: =G7-F7 -> 192463084 | K7: =SUMIFS(分行明細!$O$5:$O$187,分行明細!$E$5:$E$187,A7) -> 192463084 | L7: =SUMIFS(分行明細!$P$5:$P$187,分行明細!$E$5:$E$187,A7) -> 0 | M7: =COUNTIFS(分行明細!$E$5:$E$187,A7,分行明細!$N$5:$N$187,">=0") -> 11 | N7: =COUNTIFS(分行明細!$E$5:$E$187,A7,分行明細!$N$5:$N$187,"<0") -> 0 | O7: =COUNTIFS(分行明細!$E$5:$E$187,A7,分行明細!$F$5:$F$187,"TYPE_5")+COUNTIFS(分行明細!$E$5:$E$187,A7,分行明細!$F$5:$F$187,"TYPE_6") -> 0 | P7: =COUNTIFS(分行明細!$E$5:$E$187,A7,分行明細!$F$5:$F$187,"TYPE_6") -> 0 | Q7: =IFERROR(P7/D7,0) -> 0
A8: TYPE_4 | B8: 120%以上，未達130% | C8: 預估實績×101% | D8: =COUNTIFS(分行明細!$E$5:$E$187,A8) -> 6 | E8: =SUMIFS(分行明細!$H$5:$H$187,分行明細!$E$5:$E$187,A8) -> 534730685 | F8: =SUMIFS(分行明細!$J$5:$J$187,分行明細!$E$5:$E$187,A8) -> 531970000 | G8: =SUMIFS(分行明細!$K$5:$K$187,分行明細!$E$5:$E$187,A8) -> 693732166 | H8: =IFERROR(G8/F8,0) -> 1.3040814 | I8: =IFERROR(F8/E8-1,0) -> -0.0051627578 | J8: =G8-F8 -> 161762166 | K8: =SUMIFS(分行明細!$O$5:$O$187,分行明細!$E$5:$E$187,A8) -> 164754047 | L8: =SUMIFS(分行明細!$P$5:$P$187,分行明細!$E$5:$E$187,A8) -> -2991881 | M8: =COUNTIFS(分行明細!$E$5:$E$187,A8,分行明細!$N$5:$N$187,">=0") -> 5 | N8: =COUNTIFS(分行明細!$E$5:$E$187,A8,分行明細!$N$5:$N$187,"<0") -> 1 | O8: =COUNTIFS(分行明細!$E$5:$E$187,A8,分行明細!$F$5:$F$187,"TYPE_5")+COUNTIFS(分行明細!$E$5:$E$187,A8,分行明細!$F$5:$F$187,"TYPE_6") -> 1 | P8: =COUNTIFS(分行明細!$E$5:$E$187,A8,分行明細!$F$5:$F$187,"TYPE_6") -> 0 | Q8: =IFERROR(P8/D8,0) -> 0
A9: TYPE_5 | B9: 110%以上，未達120% | C9: 預估實績×103% | D9: =COUNTIFS(分行明細!$E$5:$E$187,A9) -> 25 | E9: =SUMIFS(分行明細!$H$5:$H$187,分行明細!$E$5:$E$187,A9) -> 1603285600 | F9: =SUMIFS(分行明細!$J$5:$J$187,分行明細!$E$5:$E$187,A9) -> 1731760000 | G9: =SUMIFS(分行明細!$K$5:$K$187,分行明細!$E$5:$E$187,A9) -> 1939518684 | H9: =IFERROR(G9/F9,0) -> 1.1199697 | I9: =IFERROR(F9/E9-1,0) -> 0.080131949 | J9: =G9-F9 -> 207758684 | K9: =SUMIFS(分行明細!$O$5:$O$187,分行明細!$E$5:$E$187,A9) -> 236460620 | L9: =SUMIFS(分行明細!$P$5:$P$187,分行明細!$E$5:$E$187,A9) -> -28701936 | M9: =COUNTIFS(分行明細!$E$5:$E$187,A9,分行明細!$N$5:$N$187,">=0") -> 20 | N9: =COUNTIFS(分行明細!$E$5:$E$187,A9,分行明細!$N$5:$N$187,"<0") -> 5 | O9: =COUNTIFS(分行明細!$E$5:$E$187,A9,分行明細!$F$5:$F$187,"TYPE_5")+COUNTIFS(分行明細!$E$5:$E$187,A9,分行明細!$F$5:$F$187,"TYPE_6") -> 5 | P9: =COUNTIFS(分行明細!$E$5:$E$187,A9,分行明細!$F$5:$F$187,"TYPE_6") -> 0 | Q9: =IFERROR(P9/D9,0) -> 0
A10: TYPE_6 | B10: 100%以上，未達110% | C10: 預估實績×105% | D10: =COUNTIFS(分行明細!$E$5:$E$187,A10) -> 20 | E10: =SUMIFS(分行明細!$H$5:$H$187,分行明細!$E$5:$E$187,A10) -> 1175703816 | F10: =SUMIFS(分行明細!$J$5:$J$187,分行明細!$E$5:$E$187,A10) -> 1305460000 | G10: =SUMIFS(分行明細!$K$5:$K$187,分行明細!$E$5:$E$187,A10) -> 1371146437 | H10: =IFERROR(G10/F10,0) -> 1.0503167 | I10: =IFERROR(F10/E10-1,0) -> 0.11036469 | J10: =G10-F10 -> 65686437 | K10: =SUMIFS(分行明細!$O$5:$O$187,分行明細!$E$5:$E$187,A10) -> 130455738 | L10: =SUMIFS(分行明細!$P$5:$P$187,分行明細!$E$5:$E$187,A10) -> -64769301 | M10: =COUNTIFS(分行明細!$E$5:$E$187,A10,分行明細!$N$5:$N$187,">=0") -> 11 | N10: =COUNTIFS(分行明細!$E$5:$E$187,A10,分行明細!$N$5:$N$187,"<0") -> 9 | O10: =COUNTIFS(分行明細!$E$5:$E$187,A10,分行明細!$F$5:$F$187,"TYPE_5")+COUNTIFS(分行明細!$E$5:$E$187,A10,分行明細!$F$5:$F$187,"TYPE_6") -> 9 | P10: =COUNTIFS(分行明細!$E$5:$E$187,A10,分行明細!$F$5:$F$187,"TYPE_6") -> 0 | Q10: =IFERROR(P10/D10,0) -> 0
A11: TYPE_7 | B11: 90%以上，未達100% | C11: 分行目標×105% | D11: =COUNTIFS(分行明細!$E$5:$E$187,A11) -> 36 | E11: =SUMIFS(分行明細!$H$5:$H$187,分行明細!$E$5:$E$187,A11) -> 1766590632 | F11: =SUMIFS(分行明細!$J$5:$J$187,分行明細!$E$5:$E$187,A11) -> 2151820000 | G11: =SUMIFS(分行明細!$K$5:$K$187,分行明細!$E$5:$E$187,A11) -> 2282804453 | H11: =IFERROR(G11/F11,0) -> 1.0608715 | I11: =IFERROR(F11/E11-1,0) -> 0.21806374 | J11: =G11-F11 -> 130984453 | K11: =SUMIFS(分行明細!$O$5:$O$187,分行明細!$E$5:$E$187,A11) -> 280304068 | L11: =SUMIFS(分行明細!$P$5:$P$187,分行明細!$E$5:$E$187,A11) -> -149319615 | M11: =COUNTIFS(分行明細!$E$5:$E$187,A11,分行明細!$N$5:$N$187,">=0") -> 20 | N11: =COUNTIFS(分行明細!$E$5:$E$187,A11,分行明細!$N$5:$N$187,"<0") -> 16 | O11: =COUNTIFS(分行明細!$E$5:$E$187,A11,分行明細!$F$5:$F$187,"TYPE_5")+COUNTIFS(分行明細!$E$5:$E$187,A11,分行明細!$F$5:$F$187,"TYPE_6") -> 16 | P11: =COUNTIFS(分行明細!$E$5:$E$187,A11,分行明細!$F$5:$F$187,"TYPE_6") -> 3 | Q11: =IFERROR(P11/D11,0) -> 0.083333333
A12: TYPE_8 | B12: 75%以上，未達90% | C12: 分行目標×110% | D12: =COUNTIFS(分行明細!$E$5:$E$187,A12) -> 53 | E12: =SUMIFS(分行明細!$H$5:$H$187,分行明細!$E$5:$E$187,A12) -> 2361091197 | F12: =SUMIFS(分行明細!$J$5:$J$187,分行明細!$E$5:$E$187,A12) -> 3359170000 | G12: =SUMIFS(分行明細!$K$5:$K$187,分行明細!$E$5:$E$187,A12) -> 3216095440 | H12: =IFERROR(G12/F12,0) -> 0.95740776 | I12: =IFERROR(F12/E12-1,0) -> 0.42271929 | J12: =G12-F12 -> -143074560 | K12: =SUMIFS(分行明細!$O$5:$O$187,分行明細!$E$5:$E$187,A12) -> 199557239 | L12: =SUMIFS(分行明細!$P$5:$P$187,分行明細!$E$5:$E$187,A12) -> -342631799 | M12: =COUNTIFS(分行明細!$E$5:$E$187,A12,分行明細!$N$5:$N$187,">=0") -> 21 | N12: =COUNTIFS(分行明細!$E$5:$E$187,A12,分行明細!$N$5:$N$187,"<0") -> 32 | O12: =COUNTIFS(分行明細!$E$5:$E$187,A12,分行明細!$F$5:$F$187,"TYPE_5")+COUNTIFS(分行明細!$E$5:$E$187,A12,分行明細!$F$5:$F$187,"TYPE_6") -> 32 | P12: =COUNTIFS(分行明細!$E$5:$E$187,A12,分行明細!$F$5:$F$187,"TYPE_6") -> 9 | Q12: =IFERROR(P12/D12,0) -> 0.16981132
A13: TYPE_9 | B13: 未達75% | C13: 分行目標×115% | D13: =COUNTIFS(分行明細!$E$5:$E$187,A13) -> 24 | E13: =SUMIFS(分行明細!$H$5:$H$187,分行明細!$E$5:$E$187,A13) -> 865274321 | F13: =SUMIFS(分行明細!$J$5:$J$187,分行明細!$E$5:$E$187,A13) -> 1534960000 | G13: =SUMIFS(分行明細!$K$5:$K$187,分行明細!$E$5:$E$187,A13) -> 1452417188 | H13: =IFERROR(G13/F13,0) -> 0.94622478 | I13: =IFERROR(F13/E13-1,0) -> 0.77395765 | J13: =G13-F13 -> -82542812 | K13: =SUMIFS(分行明細!$O$5:$O$187,分行明細!$E$5:$E$187,A13) -> 135762903 | L13: =SUMIFS(分行明細!$P$5:$P$187,分行明細!$E$5:$E$187,A13) -> -218305715 | M13: =COUNTIFS(分行明細!$E$5:$E$187,A13,分行明細!$N$5:$N$187,">=0") -> 6 | N13: =COUNTIFS(分行明細!$E$5:$E$187,A13,分行明細!$N$5:$N$187,"<0") -> 18 | O13: =COUNTIFS(分行明細!$E$5:$E$187,A13,分行明細!$F$5:$F$187,"TYPE_5")+COUNTIFS(分行明細!$E$5:$E$187,A13,分行明細!$F$5:$F$187,"TYPE_6") -> 18 | P13: =COUNTIFS(分行明細!$E$5:$E$187,A13,分行明細!$F$5:$F$187,"TYPE_6") -> 7 | Q13: =IFERROR(P13/D13,0) -> 0.29166667
A14: 達標群 (TYPE_1～6) | D14: =SUM(D5:D10) -> 70 | E14: =SUM(E5:E10) -> 4636636011 | F14: =SUM(F5:F10) -> 4739430000 | G14: =SUM(G5:G10) -> 5534282288 | H14: =IFERROR(G14/F14,0) -> 1.1677105 | I14: =IFERROR(F14/E14-1,0) -> 0.02216995 | J14: =SUM(J5:J10) -> 794852288 | K14: =SUM(K5:K10) -> 907542432 | L14: =SUM(L5:L10) -> -112690144 | M14: =SUM(M5:M10) -> 52 | N14: =SUM(N5:N10) -> 18 | O14: =SUM(O5:O10) -> 18 | P14: =SUM(P5:P10) -> 0 | Q14: =IFERROR(P14/D14,0) -> 0
A15: 未達標群 (TYPE_7～9) | D15: =SUM(D11:D13) -> 113 | E15: =SUM(E11:E13) -> 4992956150 | F15: =SUM(F11:F13) -> 7045950000 | G15: =SUM(G11:G13) -> 6951317081 | H15: =IFERROR(G15/F15,0) -> 0.98656918 | I15: =IFERROR(F15/E15-1,0) -> 0.41117803 | J15: =SUM(J11:J13) -> -94632919 | K15: =SUM(K11:K13) -> 615624210 | L15: =SUM(L11:L13) -> -710257129 | M15: =SUM(M11:M13) -> 47 | N15: =SUM(N11:N13) -> 66 | O15: =SUM(O11:O13) -> 66 | P15: =SUM(P11:P13) -> 19 | Q15: =IFERROR(P15/D15,0) -> 0.16814159
A16: 全行合計 | D16: =SUM(D5:D13) -> 183 | E16: =SUM(E5:E13) -> 9629592161 | F16: =SUM(F5:F13) -> 11785380000 | G16: =SUM(G5:G13) -> 12485599369 | H16: =IFERROR(G16/F16,0) -> 1.0594142 | I16: =IFERROR(F16/E16-1,0) -> 0.22387115 | J16: =SUM(J5:J13) -> 700219369 | K16: =SUM(K5:K13) -> 1523166642 | L16: =SUM(L5:L13) -> -822947273 | M16: =SUM(M5:M13) -> 99 | N16: =SUM(N5:N13) -> 84 | O16: =SUM(O5:O13) -> 84 | P16: =SUM(P5:P13) -> 19 | Q16: =IFERROR(P16/D16,0) -> 0.10382514

Sheet 流向矩陣
A1: 114年達成率級距 → 115年達成率級距 分行家數流向矩陣（簡報第11頁；對應原檔 COMPARE114）
D3: 115年年化達成率級距 →
A4: 114TYPE | B4: 114年達成率級距 | C4: 115年規則 | D4: TYPE_1 180%以上 | E4: TYPE_2 150%以上，未達180% | F4: TYPE_3 120%以上，未達150% | G4: TYPE_4 100%以上，未達120% | H4: TYPE_5 75%以上，未達100% | I4: TYPE_6 未達75% | J4: 合計 | K4: 115年未達100% 家數 | L4: 115年未達75% 家數 | M4: 未達75%比例
A5: TYPE_1 | B5: 200%以上 | C5: 預估實績×70% | D5: =COUNTIFS(分行明細!$E$5:$E$187,$A5,分行明細!$F$5:$F$187,"TYPE_1") -> 2 | E5: =COUNTIFS(分行明細!$E$5:$E$187,$A5,分行明細!$F$5:$F$187,"TYPE_2") -> 0 | F5: =COUNTIFS(分行明細!$E$5:$E$187,$A5,分行明細!$F$5:$F$187,"TYPE_3") -> 0 | G5: =COUNTIFS(分行明細!$E$5:$E$187,$A5,分行明細!$F$5:$F$187,"TYPE_4") -> 0 | H5: =COUNTIFS(分行明細!$E$5:$E$187,$A5,分行明細!$F$5:$F$187,"TYPE_5") -> 1 | I5: =COUNTIFS(分行明細!$E$5:$E$187,$A5,分行明細!$F$5:$F$187,"TYPE_6") -> 0 | J5: =SUM(D5:I5) -> 3 | K5: =H5+I5 -> 1 | L5: =I5 -> 0 | M5: =IFERROR(L5/J5,0) -> 0
A6: TYPE_2 | B6: 150%以上，未達200% | C6: 預估實績×80% | D6: =COUNTIFS(分行明細!$E$5:$E$187,$A6,分行明細!$F$5:$F$187,"TYPE_1") -> 1 | E6: =COUNTIFS(分行明細!$E$5:$E$187,$A6,分行明細!$F$5:$F$187,"TYPE_2") -> 0 | F6: =COUNTIFS(分行明細!$E$5:$E$187,$A6,分行明細!$F$5:$F$187,"TYPE_3") -> 1 | G6: =COUNTIFS(分行明細!$E$5:$E$187,$A6,分行明細!$F$5:$F$187,"TYPE_4") -> 1 | H6: =COUNTIFS(分行明細!$E$5:$E$187,$A6,分行明細!$F$5:$F$187,"TYPE_5") -> 2 | I6: =COUNTIFS(分行明細!$E$5:$E$187,$A6,分行明細!$F$5:$F$187,"TYPE_6") -> 0 | J6: =SUM(D6:I6) -> 5 | K6: =H6+I6 -> 2 | L6: =I6 -> 0 | M6: =IFERROR(L6/J6,0) -> 0
A7: TYPE_3 | B7: 130%以上，未達150% | C7: 預估實績×90% | D7: =COUNTIFS(分行明細!$E$5:$E$187,$A7,分行明細!$F$5:$F$187,"TYPE_1") -> 0 | E7: =COUNTIFS(分行明細!$E$5:$E$187,$A7,分行明細!$F$5:$F$187,"TYPE_2") -> 1 | F7: =COUNTIFS(分行明細!$E$5:$E$187,$A7,分行明細!$F$5:$F$187,"TYPE_3") -> 3 | G7: =COUNTIFS(分行明細!$E$5:$E$187,$A7,分行明細!$F$5:$F$187,"TYPE_4") -> 7 | H7: =COUNTIFS(分行明細!$E$5:$E$187,$A7,分行明細!$F$5:$F$187,"TYPE_5") -> 0 | I7: =COUNTIFS(分行明細!$E$5:$E$187,$A7,分行明細!$F$5:$F$187,"TYPE_6") -> 0 | J7: =SUM(D7:I7) -> 11 | K7: =H7+I7 -> 0 | L7: =I7 -> 0 | M7: =IFERROR(L7/J7,0) -> 0
A8: TYPE_4 | B8: 120%以上，未達130% | C8: 預估實績×101% | D8: =COUNTIFS(分行明細!$E$5:$E$187,$A8,分行明細!$F$5:$F$187,"TYPE_1") -> 0 | E8: =COUNTIFS(分行明細!$E$5:$E$187,$A8,分行明細!$F$5:$F$187,"TYPE_2") -> 1 | F8: =COUNTIFS(分行明細!$E$5:$E$187,$A8,分行明細!$F$5:$F$187,"TYPE_3") -> 3 | G8: =COUNTIFS(分行明細!$E$5:$E$187,$A8,分行明細!$F$5:$F$187,"TYPE_4") -> 1 | H8: =COUNTIFS(分行明細!$E$5:$E$187,$A8,分行明細!$F$5:$F$187,"TYPE_5") -> 1 | I8: =COUNTIFS(分行明細!$E$5:$E$187,$A8,分行明細!$F$5:$F$187,"TYPE_6") -> 0 | J8: =SUM(D8:I8) -> 6 | K8: =H8+I8 -> 1 | L8: =I8 -> 0 | M8: =IFERROR(L8/J8,0) -> 0
A9: TYPE_5 | B9: 110%以上，未達120% | C9: 預估實績×103% | D9: =COUNTIFS(分行明細!$E$5:$E$187,$A9,分行明細!$F$5:$F$187,"TYPE_1") -> 0 | E9: =COUNTIFS(分行明細!$E$5:$E$187,$A9,分行明細!$F$5:$F$187,"TYPE_2") -> 0 | F9: =COUNTIFS(分行明細!$E$5:$E$187,$A9,分行明細!$F$5:$F$187,"TYPE_3") -> 7 | G9: =COUNTIFS(分行明細!$E$5:$E$187,$A9,分行明細!$F$5:$F$187,"TYPE_4") -> 13 | H9: =COUNTIFS(分行明細!$E$5:$E$187,$A9,分行明細!$F$5:$F$187,"TYPE_5") -> 5 | I9: =COUNTIFS(分行明細!$E$5:$E$187,$A9,分行明細!$F$5:$F$187,"TYPE_6") -> 0 | J9: =SUM(D9:I9) -> 25 | K9: =H9+I9 -> 5 | L9: =I9 -> 0 | M9: =IFERROR(L9/J9,0) -> 0
A10: TYPE_6 | B10: 100%以上，未達110% | C10: 預估實績×105% | D10: =COUNTIFS(分行明細!$E$5:$E$187,$A10,分行明細!$F$5:$F$187,"TYPE_1") -> 0 | E10: =COUNTIFS(分行明細!$E$5:$E$187,$A10,分行明細!$F$5:$F$187,"TYPE_2") -> 0 | F10: =COUNTIFS(分行明細!$E$5:$E$187,$A10,分行明細!$F$5:$F$187,"TYPE_3") -> 6 | G10: =COUNTIFS(分行明細!$E$5:$E$187,$A10,分行明細!$F$5:$F$187,"TYPE_4") -> 5 | H10: =COUNTIFS(分行明細!$E$5:$E$187,$A10,分行明細!$F$5:$F$187,"TYPE_5") -> 9 | I10: =COUNTIFS(分行明細!$E$5:$E$187,$A10,分行明細!$F$5:$F$187,"TYPE_6") -> 0 | J10: =SUM(D10:I10) -> 20 | K10: =H10+I10 -> 9 | L10: =I10 -> 0 | M10: =IFERROR(L10/J10,0) -> 0
A11: TYPE_7 | B11: 90%以上，未達100% | C11: 分行目標×105% | D11: =COUNTIFS(分行明細!$E$5:$E$187,$A11,分行明細!$F$5:$F$187,"TYPE_1") -> 0 | E11: =COUNTIFS(分行明細!$E$5:$E$187,$A11,分行明細!$F$5:$F$187,"TYPE_2") -> 1 | F11: =COUNTIFS(分行明細!$E$5:$E$187,$A11,分行明細!$F$5:$F$187,"TYPE_3") -> 9 | G11: =COUNTIFS(分行明細!$E$5:$E$187,$A11,分行明細!$F$5:$F$187,"TYPE_4") -> 10 | H11: =COUNTIFS(分行明細!$E$5:$E$187,$A11,分行明細!$F$5:$F$187,"TYPE_5") -> 13 | I11: =COUNTIFS(分行明細!$E$5:$E$187,$A11,分行明細!$F$5:$F$187,"TYPE_6") -> 3 | J11: =SUM(D11:I11) -> 36 | K11: =H11+I11 -> 16 | L11: =I11 -> 3 | M11: =IFERROR(L11/J11,0) -> 0.083333333
A12: TYPE_8 | B12: 75%以上，未達90% | C12: 分行目標×110% | D12: =COUNTIFS(分行明細!$E$5:$E$187,$A12,分行明細!$F$5:$F$187,"TYPE_1") -> 0 | E12: =COUNTIFS(分行明細!$E$5:$E$187,$A12,分行明細!$F$5:$F$187,"TYPE_2") -> 0 | F12: =COUNTIFS(分行明細!$E$5:$E$187,$A12,分行明細!$F$5:$F$187,"TYPE_3") -> 8 | G12: =COUNTIFS(分行明細!$E$5:$E$187,$A12,分行明細!$F$5:$F$187,"TYPE_4") -> 13 | H12: =COUNTIFS(分行明細!$E$5:$E$187,$A12,分行明細!$F$5:$F$187,"TYPE_5") -> 23 | I12: =COUNTIFS(分行明細!$E$5:$E$187,$A12,分行明細!$F$5:$F$187,"TYPE_6") -> 9 | J12: =SUM(D12:I12) -> 53 | K12: =H12+I12 -> 32 | L12: =I12 -> 9 | M12: =IFERROR(L12/J12,0) -> 0.16981132
A13: TYPE_9 | B13: 未達75% | C13: 分行目標×115% | D13: =COUNTIFS(分行明細!$E$5:$E$187,$A13,分行明細!$F$5:$F$187,"TYPE_1") -> 0 | E13: =COUNTIFS(分行明細!$E$5:$E$187,$A13,分行明細!$F$5:$F$187,"TYPE_2") -> 1 | F13: =COUNTIFS(分行明細!$E$5:$E$187,$A13,分行明細!$F$5:$F$187,"TYPE_3") -> 3 | G13: =COUNTIFS(分行明細!$E$5:$E$187,$A13,分行明細!$F$5:$F$187,"TYPE_4") -> 2 | H13: =COUNTIFS(分行明細!$E$5:$E$187,$A13,分行明細!$F$5:$F$187,"TYPE_5") -> 11 | I13: =COUNTIFS(分行明細!$E$5:$E$187,$A13,分行明細!$F$5:$F$187,"TYPE_6") -> 7 | J13: =SUM(D13:I13) -> 24 | K13: =H13+I13 -> 18 | L13: =I13 -> 7 | M13: =IFERROR(L13/J13,0) -> 0.29166667
A14: 合計 | D14: =SUM(D5:D13) -> 3 | E14: =SUM(E5:E13) -> 4 | F14: =SUM(F5:F13) -> 40 | G14: =SUM(G5:G13) -> 52 | H14: =SUM(H5:H13) -> 65 | I14: =SUM(I5:I13) -> 19 | J14: =SUM(J5:J13) -> 183 | K14: =SUM(K5:K13) -> 84 | L14: =SUM(L5:L13) -> 19 | M14: =IFERROR(L14/J14,0) -> 0.10382514
A16: 淺紅列＝114年未達標、115年以「分行目標」加成之分行；I 欄＝115年未達75%之分行，全部來自淺紅列。格色越深家數越多。

Sheet 缺口瀑布
A1: 115年目標 → 實績 瀑布分解（簡報第13頁）
A3: 項目 | B3: 金額（元） | C3: 金額（億元） | D3: 家數 | E3: 說明
A4: 115年目標合計 | B4: =級距彙總!F16 -> 11785380000 | C4: =B4/100000000 -> 117.8538 | D4: =級距彙總!D16 -> 183 | E4: 全行183家
A5: ＋ 超額分行超額合計 | B5: =級距彙總!K16 -> 1523166642 | C5: =B5/100000000 -> 15.231666 | D5: =級距彙總!M16 -> 99 | E5: 實績≥目標之分行
A6: 其中：114年達標群 | B6: =級距彙總!K14 -> 907542432 | C6: =B6/100000000 -> 9.0754243 | D6: =級距彙總!M14 -> 52 | E6: TYPE_1～6
A7: 其中：114年未達標群 | B7: =級距彙總!K15 -> 615624210 | C7: =B7/100000000 -> 6.1562421 | D7: =級距彙總!M15 -> 47 | E7: TYPE_7～9
A8: － 未達成分行缺口合計 | B8: =級距彙總!L16 -> -822947273 | C8: =B8/100000000 -> -8.2294727 | D8: =級距彙總!N16 -> 84 | E8: 實績<目標之分行
A9: 其中：114年達標群 | B9: =級距彙總!L14 -> -112690144 | C9: =B9/100000000 -> -1.1269014 | D9: =級距彙總!N14 -> 18 | E9: TYPE_1～6
A10: 其中：114年未達標群 | B10: =級距彙總!L15 -> -710257129 | C10: =B10/100000000 -> -7.1025713 | D10: =級距彙總!N15 -> 66 | E10: TYPE_7～9
A11: 其中 90%～100% | B11: =級距彙總!L11 -> -149319615 | C11: =B11/100000000 -> -1.4931961 | D11: =級距彙總!N11 -> 16 | E11: TYPE_7
A12: 其中 75%～90% | B12: =級距彙總!L12 -> -342631799 | C12: =B12/100000000 -> -3.426318 | D12: =級距彙總!N12 -> 32 | E12: TYPE_8
A13: 其中 未達75% | B13: =級距彙總!L13 -> -218305715 | C13: =B13/100000000 -> -2.1830571 | D13: =級距彙總!N13 -> 18 | E13: TYPE_9
A14: ＝ 115年年化實績合計 | B14: =B4+B5+B8 -> 12485599369 | C14: =B14/100000000 -> 124.85599 | D14: =級距彙總!D16 -> 183 | E14: 檢核：應等於級距彙總 G16
A15: 115年達成率 | B15: =B14/B4 -> 1.0594142 | E15: 實績÷目標
A16: 未達標群缺口占全行缺口比例 | B16: =B10/B8 -> 0.86306517 | E16: 簡報：86%

Sheet 未達75%情境
A1: 115年未達75%（115TYPE＝TYPE_6）分行在兩種116年規則下的目標（簡報第14頁）
A3: 項目 | B3: 金額（元） | C3: 金額（億元） | D3: 較115年實績 | E3: 說明
A4: 分行家數 | B4: =COUNTIFS(分行明細!$F$5:$F$187,"TYPE_6") -> 19 | E4: 115TYPE＝TYPE_6
A5: 115年目標 | B5: =SUMIFS(分行明細!$J$5:$J$187,分行明細!$F$5:$F$187,"TYPE_6") -> 1097730000 | C5: =B5/100000000 -> 10.9773 | D5: =B5/B6-1 -> 0.46148226
A6: 115年年化實績 | B6: =SUMIFS(分行明細!$K$5:$K$187,分行明細!$F$5:$F$187,"TYPE_6") -> 751107303 | C6: =B6/100000000 -> 7.511073 | D6: =B6/B6-1 -> 0
A7: 115年達成率 | B7: =B6/B5 -> 0.68423684 | E7: 實績÷目標
A8: 116年目標（沿用115年規則：分行目標×參數） | B8: =B5*B11 -> 1262389500 | C8: =B8/100000000 -> 12.623895 | D8: =B8/B6-1 -> 0.6807046 | E8: 115年規則最低級距 分行目標×115%
A9: 116年目標（方案1：預估實績×參數） | B9: =B6*B12 -> 7.7364052e+08 | C9: =B9/100000000 -> 7.7364052 | D9: =B9/B6-1 -> 0.03 | E9: 方案1 未達80% 預估實績×103%；對應原檔 116目標底稿SUMMARY TYPE_6
A11: 參數：沿用115年規則 乘數 | B11: 1.15
A12: 參數：方案1 乘數 | B12: 1.03
A13: 黃底藍字為可調整之假設參數。
